pseudocode,balavatika_located_yn,special_training,material_training,free_text_books_pr,free_uniform_pr,free_text_books_up,free_uniform_up,acad_inspections,crc_coordinator,block_level_officers,district_officers,smc_exists,smc_smdc_same,smc_smdc_meetings,grants_receipt,grants_expenditure
6757005,0,9,1,2,2,2,2,1,10,8,0,1,3,10,25000,25000
4213808,2,9,1,1,1,2,2,1,12,3,0,1,9,10,25000,25000
9874312,2,9,1,1,1,2,2,1,6,8,0,1,9,6,25000,25000
6528176,1,9,1,1,1,1,1,1,17,2,0,1,9,11,50350,50350
7276886,1,9,1,1,1,2,2,1,11,3,0,1,9,6,10000,10000
5729536,2,9,1,1,1,2,2,1,11,16,1,1,9,8,10000,10000
5629570,2,9,2,2,2,2,2,0,0,0,0,9,9,0,0,0
2444103,1,9,1,1,1,2,2,1,10,2,0,1,9,11,10000,10000
2880089,2,9,1,1,1,2,2,1,8,5,0,1,9,10,25000,25000
3887549,0,9,1,2,2,1,1,3,11,5,4,1,3,11,75000,75000
4874843,2,9,2,2,2,2,2,0,0,0,0,9,9,0,0,0
5607829,2,9,1,1,1,1,1,1,11,3,1,1,9,9,25000,25000
5933830,2,9,1,1,1,1,1,1,11,3,0,1,9,13,50000,50000
5056665,2,9,1,1,1,2,2,1,10,7,0,1,9,10,25000,25000
3469754,2,9,1,1,1,2,2,1,6,9,1,1,9,7,25000,25000
1440886,2,9,1,1,1,2,2,2,10,4,1,1,9,6,25000,25000
7467705,2,9,1,1,1,2,2,1,10,21,1,1,9,10,25000,25000
4523821,0,9,1,2,2,1,1,0,10,4,1,1,3,10,26000,26000
7353499,2,9,1,1,1,2,2,1,12,3,0,1,9,7,25000,25000
1743821,0,9,2,2,2,1,1,0,12,2,0,1,3,10,65000,65000
1426558,1,9,1,1,1,2,2,1,10,4,0,1,9,8,25000,25000
9104664,1,9,1,1,1,2,2,1,11,10,0,1,9,5,25000,25000
4771374,2,9,1,1,1,2,2,1,10,7,0,1,9,7,10000,10000
8147313,2,9,1,1,1,2,2,1,6,3,0,1,9,6,25000,25000
8391281,2,9,1,1,1,1,1,1,10,3,0,1,9,8,50000,50000
3958107,2,9,1,1,1,2,2,1,8,2,0,1,9,15,10000,10000
2690410,2,9,1,1,1,2,2,1,10,8,0,1,9,6,10000,10000
9500126,2,9,1,1,1,2,2,1,12,5,0,1,9,7,10000,10000
3243204,2,9,1,1,1,2,2,1,11,7,0,1,9,11,50000,50000
3444756,0,9,1,2,2,1,1,1,11,0,0,1,3,9,52170,52170
7115992,2,9,1,1,1,2,2,1,12,10,1,1,9,5,10000,10000
2551705,2,9,1,1,1,2,2,1,10,5,0,1,9,6,25000,25000
6189207,2,9,1,1,1,2,2,1,9,8,0,1,9,8,50000,50000
6203852,0,9,1,2,2,1,1,0,10,8,2,1,3,11,50000,50000
8070062,1,9,2,1,1,2,2,1,10,10,0,1,9,10,25000,25000
7819273,0,9,2,2,2,1,1,3,5,20,1,1,3,10,53000,53000
9537577,1,9,1,1,1,2,2,1,9,2,0,1,9,6,10200,10200
2330852,1,9,1,1,1,1,1,1,7,3,0,1,9,6,25000,25000
3627687,2,9,1,1,1,1,1,6,8,5,0,1,9,11,53000,53000
6218550,2,9,1,1,1,2,2,6,8,6,2,1,9,8,15000,15000
2110626,2,9,1,1,1,2,2,2,13,12,0,1,9,7,25000,25000
1137417,2,9,1,1,1,2,2,1,11,6,1,1,9,7,25000,25000
4620515,0,9,1,2,2,1,1,1,11,2,1,1,3,10,76000,76000
3876317,0,9,1,2,2,1,1,0,10,2,1,1,3,10,51000,51000
7289472,2,9,2,2,2,2,2,0,0,0,0,9,9,0,0,0
5929304,2,9,2,2,2,2,2,0,0,0,0,9,9,0,0,0
8749140,2,9,2,1,1,2,2,1,10,8,0,1,9,10,25000,25000
5901650,2,9,1,1,1,2,2,1,6,6,1,1,9,7,25000,25000
6838932,2,9,1,1,1,2,2,1,8,2,0,1,9,10,10000,10000
4503688,2,9,1,1,1,2,2,1,12,10,0,1,9,11,10000,10000
9799552,2,9,1,1,1,2,2,1,10,3,1,1,9,11,50000,50000
1045346,2,9,1,2,2,1,1,0,15,3,5,1,3,12,118000,118000
1543902,2,9,1,1,1,2,2,6,10,7,1,1,9,8,25000,25000
6497925,2,9,1,1,1,2,2,1,10,3,0,1,9,8,10000,10000
3942097,2,9,1,1,1,1,1,1,11,5,0,1,9,6,50000,50000
9274462,2,9,1,1,1,2,2,1,11,10,1,1,9,10,25000,25000
9715764,2,9,1,1,1,2,2,3,9,9,0,1,9,11,25000,25000
3134825,0,9,1,2,2,1,1,0,10,0,2,1,3,10,75000,75000
2717079,2,9,1,1,1,2,2,1,9,10,1,1,9,7,10000,10000
9609140,1,9,1,1,1,2,2,1,10,6,0,1,9,5,25200,25200
6283954,0,9,1,2,2,1,1,1,10,2,0,1,3,6,50000,50000
9457115,2,9,1,1,1,1,1,1,12,2,1,1,9,11,50000,50000
7665529,1,9,1,1,1,2,2,3,10,3,2,1,9,11,10000,10000
7040642,2,9,1,1,1,1,1,2,10,10,0,1,9,11,25000,25000
2018104,1,9,1,1,1,2,2,1,11,8,1,1,9,7,10000,10000
7572568,2,9,1,1,1,2,2,1,10,3,0,1,9,5,10000,10000
4906711,1,9,1,1,2,1,2,1,11,8,0,1,9,8,50000,50000
1830682,1,9,1,1,1,2,2,1,11,9,0,1,9,8,25000,25000
3668877,0,9,1,2,2,1,1,2,9,3,0,1,3,10,50000,50000
9921306,2,9,1,1,1,1,1,1,12,8,0,1,9,8,25000,25000
1839984,2,9,1,1,1,2,2,1,12,5,0,1,9,7,25000,25000
9048180,1,9,1,1,1,1,1,1,10,10,1,1,9,11,25000,25000
5839895,2,9,1,1,1,2,2,1,12,12,0,1,9,7,25000,25000
5693756,0,9,1,2,2,1,1,1,10,5,1,1,3,8,43000,43000
2678135,2,9,1,1,1,2,2,1,8,9,0,1,9,10,25000,25000
6309700,1,9,1,1,1,2,2,1,6,8,1,1,9,8,10000,10000
9218684,2,9,1,1,1,1,1,1,7,10,1,1,9,7,25000,25000
9524337,1,9,1,1,1,2,2,15,9,5,1,1,9,11,59500,59500
5127621,0,9,1,2,2,1,1,1,12,2,2,1,3,8,75000,75000
3297443,2,9,1,1,1,2,2,1,11,5,1,1,9,7,25000,25000
9228260,2,9,1,1,1,2,2,1,10,3,0,1,9,11,10000,10000
1167460,2,9,1,1,1,1,1,1,12,6,2,1,9,12,25000,25000
8506431,2,9,1,1,1,2,2,1,11,5,0,1,9,10,25000,25000
3078906,2,9,1,1,1,2,2,1,12,5,0,1,9,12,75000,75000
3229743,0,9,1,2,2,1,1,0,12,0,2,1,3,10,75000,75000
1463731,2,9,1,1,1,2,2,1,12,8,0,1,9,6,10000,10000
5392170,2,9,2,2,2,2,2,0,0,0,0,9,9,0,0,0
3014670,2,9,2,2,2,2,2,0,0,0,0,9,9,0,0,0
5245727,2,9,1,1,1,1,1,1,10,10,0,1,9,10,25000,25000
6955667,2,9,1,1,1,1,1,1,8,11,0,1,9,10,50000,50000
9019137,2,9,1,1,1,2,2,1,11,10,0,1,9,10,10200,10200
9080433,2,9,1,1,1,2,2,1,10,8,0,1,9,6,25000,25000
2588959,2,9,1,1,1,2,2,1,10,3,0,1,9,10,50000,50000
8857173,0,9,2,2,2,1,1,0,10,0,1,1,3,5,25000,25000
8101698,2,9,1,1,1,2,2,1,15,3,0,1,9,8,10000,10000
8255750,2,9,1,1,1,1,1,1,11,10,2,1,9,6,25000,25000
9128095,2,9,1,1,1,2,2,2,10,7,1,1,9,8,10000,10000
8691392,2,9,1,1,1,1,1,1,10,3,1,1,9,10,30000,30000
9978287,2,9,1,1,1,2,2,1,10,7,0,1,9,7,25000,25000
8288229,2,9,1,1,1,2,2,1,11,5,1,1,9,7,10000,10000
5171509,2,9,1,1,1,2,2,1,12,2,0,1,9,7,10000,10000
6679822,2,9,2,1,1,1,1,1,11,5,0,1,9,7,25000,25000
1110526,2,9,1,1,1,2,2,1,10,9,1,1,9,6,10000,10000
2279265,2,9,1,1,1,2,2,1,12,10,1,1,9,6,25000,25000
5858155,2,9,1,1,1,2,2,1,10,10,0,1,9,7,25000,25000
9103498,2,9,1,1,1,2,2,1,6,8,1,1,9,7,50000,50000
7300834,2,9,1,1,1,2,2,1,10,3,0,1,9,6,10000,10000
9982711,0,9,2,2,2,1,1,1,9,5,1,1,3,11,75000,75000
8122207,2,9,1,1,1,2,2,6,8,7,2,1,9,11,10000,10000
9827432,2,9,1,1,1,2,2,1,10,10,0,1,9,7,10000,10000
5034718,1,9,1,1,1,2,2,1,12,6,1,1,9,13,50000,50000
8095212,0,9,2,2,2,1,1,3,5,15,3,1,3,10,75000,75000
9257197,2,9,1,1,1,2,2,1,9,4,0,1,9,7,25000,25000
1132306,2,9,2,1,1,1,1,1,11,6,2,1,9,6,25000,25000
2866217,2,9,1,1,2,2,2,1,11,8,0,1,9,8,25000,25000
4928672,2,9,1,1,1,2,2,1,11,10,0,1,9,10,25000,25000
7213915,2,9,1,1,1,2,2,1,11,3,0,1,9,7,10000,10000
4770093,2,9,1,1,1,2,2,1,10,8,0,1,9,6,10200,10200
8190014,2,9,1,1,1,1,1,1,10,3,1,1,9,5,25000,25000
4621672,2,9,1,1,1,2,2,1,11,3,0,1,9,8,25000,25000
9163972,0,9,2,2,2,1,1,1,11,5,1,1,3,10,25000,25000
9378315,2,9,1,1,1,2,2,1,15,7,1,1,9,11,25000,25000
9883070,1,9,1,1,1,2,2,1,10,8,0,1,9,11,75000,75000
9260712,2,9,1,1,1,1,1,1,11,10,1,1,9,11,25000,25000
9301819,0,9,2,2,2,1,1,1,12,2,0,1,3,9,75000,75000
3805976,0,9,2,2,2,1,1,0,10,0,1,1,3,10,75000,75000
3318845,2,9,2,2,2,2,2,0,0,0,0,9,9,0,0,0
6747824,2,9,2,2,2,2,2,0,0,0,0,9,9,0,0,0
4722060,2,9,2,2,2,2,2,0,0,0,0,9,9,0,0,0
6085775,2,9,1,1,1,2,2,1,11,2,0,1,9,5,10000,10000
1810182,1,9,1,1,1,2,2,1,8,10,0,1,9,9,10000,10000
7263095,2,9,1,1,1,2,2,1,12,3,0,1,9,7,10000,10000
4287334,2,9,1,1,1,2,2,1,6,15,0,1,9,7,10000,10000
9278181,2,9,1,1,1,2,2,1,6,6,0,1,9,7,10000,10000
1899621,0,9,1,2,2,1,1,1,8,6,1,1,3,13,50000,50000
2017282,1,9,1,1,1,2,2,12,9,3,1,1,9,11,28000,28000
7890560,2,9,1,1,1,1,1,1,12,2,0,1,9,6,25000,25000
9251150,2,9,1,1,1,2,2,1,8,5,1,1,9,7,25000,25000
9658878,0,9,1,2,2,1,1,2,10,3,0,1,3,8,50000,50000
1781933,2,9,2,2,2,2,2,0,0,0,0,9,9,0,0,0
5344389,2,9,1,1,1,2,2,1,11,8,1,1,9,8,75000,75000
8327132,2,9,1,1,1,2,2,1,12,8,0,1,9,10,25000,25000
2487917,0,9,1,2,2,1,1,1,15,2,1,1,3,5,100000,100000
8899851,0,9,1,2,2,1,1,1,15,4,1,1,3,8,100000,100000
9343390,2,9,2,2,2,2,2,0,0,0,0,9,9,0,0,0
5650009,2,9,2,2,2,2,2,0,0,0,0,9,9,0,0,0
5644735,2,9,2,2,2,2,2,0,0,0,0,9,9,0,0,0
3073247,2,9,1,1,1,2,2,1,10,3,0,1,9,8,10000,10000
8603515,2,9,1,1,1,2,2,1,8,3,0,1,9,6,10000,10000
2177868,2,9,1,1,1,2,2,1,10,8,1,1,9,7,25000,25000
6465942,2,9,1,1,1,2,2,1,10,5,0,1,9,10,10000,10000
5290345,2,9,1,1,1,2,2,1,10,4,0,1,9,10,10000,10000
4926261,2,9,1,1,1,1,1,1,11,2,0,1,9,5,50000,50000
1471204,2,9,1,1,1,2,2,1,10,3,0,1,9,10,10000,10000
9641156,2,9,2,2,2,2,2,0,0,0,0,9,9,0,0,0
7820066,2,9,1,1,1,2,2,1,10,3,0,1,9,5,10000,10000
1758805,2,9,2,2,2,2,2,0,0,0,0,9,9,0,0,0
4121930,2,9,2,2,2,2,2,0,0,0,0,9,9,0,0,0
9218032,2,9,2,2,2,2,2,0,0,0,0,9,9,0,0,0
1678634,2,9,2,2,2,2,2,0,0,0,0,9,9,0,0,0
3172432,2,9,2,1,1,1,1,1,11,10,2,1,9,5,25000,25000
4780735,1,9,2,1,1,2,2,13,8,4,1,1,9,12,33000,33000
3413074,2,9,2,2,2,2,2,0,0,0,0,9,9,0,0,0
8864545,2,9,1,1,1,1,1,1,10,9,0,1,9,10,25000,25000
6617510,2,9,1,1,1,2,2,1,11,10,0,1,9,12,30200,30200
3469769,1,9,1,1,1,2,2,1,15,5,0,1,9,6,10000,10000
7262050,0,9,2,2,2,1,1,1,12,1,1,1,3,5,68000,68000
6461022,2,9,1,1,1,1,1,1,8,3,3,1,9,10,50000,50000
7780960,2,9,1,1,1,2,2,1,7,2,0,1,9,7,10000,10000
2638502,2,9,1,1,1,2,2,1,10,3,0,1,9,6,25000,25000
4341353,0,9,1,2,2,1,1,1,15,2,2,1,3,8,53000,53000
9963406,2,9,2,1,1,1,1,1,10,5,0,1,9,10,25000,25000
9591780,2,9,1,1,1,1,1,1,10,8,1,1,9,10,27000,27000
4731985,0,9,1,2,2,1,1,1,10,8,0,1,3,8,0,0
8659257,2,9,2,1,1,2,2,6,8,5,2,1,9,5,25000,25000
1890538,2,9,2,2,2,2,2,0,0,0,0,9,9,0,0,0
8915244,2,9,2,2,2,2,2,0,0,0,0,9,9,0,0,0
4990234,2,9,1,1,1,2,2,1,10,10,0,1,9,10,25000,25000
2245908,2,9,1,1,1,2,2,1,7,3,1,1,9,10,25000,25000
3692816,0,9,1,2,2,1,1,1,10,4,2,1,3,11,50000,50000
2223773,2,9,1,1,1,2,2,1,6,5,0,1,9,11,32020,32020
6816560,2,9,1,1,1,1,1,1,9,6,0,1,9,7,132500,132500
5487910,2,9,1,1,1,2,2,1,7,3,0,1,9,10,50000,50000
8870228,0,9,1,2,2,1,1,1,12,3,4,1,3,7,76500,76500
6015808,2,9,1,1,1,2,2,1,13,5,1,1,9,11,25000,25000
6453402,2,9,1,1,1,2,2,3,10,3,1,1,9,10,1000,1000
2914123,2,9,1,1,1,2,2,4,7,2,0,1,9,7,50000,50000
3587134,2,9,1,1,1,2,2,1,10,12,0,1,9,7,27250,27250
1240025,2,9,2,2,2,2,2,0,0,0,0,9,9,0,0,0
1363097,2,9,2,1,1,1,1,1,8,2,1,1,9,11,50000,50000
3984848,0,9,2,2,2,2,2,0,0,0,0,1,9,3,0,0
6699909,2,9,2,2,2,2,2,0,0,0,0,9,9,0,0,0
1092499,2,9,1,1,1,1,1,7,10,5,1,1,9,10,40500,40500
4879348,2,9,1,1,1,1,1,2,6,2,1,1,9,7,50000,50000
6556102,1,9,1,1,1,2,2,1,12,5,1,1,9,7,25000,25000
5673038,0,9,1,2,2,1,1,1,12,1,1,1,3,11,50000,50000
9243252,2,9,2,1,1,2,2,1,11,3,1,1,9,8,10517,10000
5517972,2,9,1,1,1,2,2,1,10,7,0,1,9,9,50000,50000
8270904,0,9,2,2,2,1,1,1,12,2,3,1,3,10,50000,50000
9959714,2,9,1,1,1,2,2,1,9,5,0,1,9,6,27250,27250
4607541,1,9,1,1,1,2,2,4,12,4,1,1,9,11,25000,25000
8883783,2,9,1,1,1,2,2,1,12,1,0,1,9,11,27000,27000
4846924,2,9,1,1,1,1,1,1,12,5,3,1,9,11,50000,50000
1338791,2,9,2,2,2,2,2,0,0,0,0,9,9,0,0,0
4497831,2,9,1,1,1,2,2,1,12,3,1,1,9,8,25000,25000
4574867,2,9,1,1,1,2,2,1,12,3,1,1,9,8,50000,50000
4828821,0,9,1,2,2,2,2,1,10,10,2,1,3,5,50000,50000
1733339,2,9,1,1,1,2,2,1,12,9,1,1,9,8,25000,25000
3455220,2,9,1,1,1,2,2,1,19,7,3,1,9,11,77000,77000
2444992,0,9,1,2,2,1,1,2,15,2,1,1,3,8,504000,504000
9746247,2,9,1,1,1,2,2,0,12,2,1,1,9,9,10000,10000
9827906,1,9,1,1,1,2,2,1,12,3,1,1,9,11,12500,12500
9453941,2,9,1,1,1,1,1,1,12,12,1,1,9,5,50000,50000
1347392,2,9,1,1,1,2,2,1,10,10,1,1,9,11,25000,25000
7962044,2,9,1,1,1,1,1,0,12,2,1,1,9,9,12500,12500
6493828,2,9,1,1,1,2,2,6,12,4,1,1,9,8,25000,25000
3089822,2,9,1,1,1,2,2,1,10,2,1,1,9,10,28000,28000
8859992,2,9,1,1,1,2,2,8,9,4,0,1,9,7,50000,50000
4526447,0,9,1,2,2,1,1,0,6,4,1,1,3,20,75000,75000
6025560,2,9,1,1,1,2,2,1,10,8,1,1,9,5,50000,50000
6592321,0,9,1,2,2,1,1,1,12,10,1,1,3,8,50000,50000
9267087,2,9,1,1,1,1,1,1,12,4,1,1,9,10,0,0
2928841,1,9,1,1,1,2,2,1,10,10,1,1,9,8,50000,50000
9731155,0,9,2,2,2,1,1,5,12,12,3,1,3,12,53000,53000
6592254,2,9,1,1,1,2,2,0,12,4,0,1,9,8,25000,25000
1949912,2,9,1,1,1,2,2,0,12,12,1,1,9,6,25000,25000
3673926,2,9,1,1,1,1,1,0,10,7,1,1,9,7,51500,51500
4701575,2,9,1,1,1,2,2,0,10,5,1,1,9,12,27500,27500
8902857,0,9,1,2,2,1,1,3,15,15,1,1,3,10,77000,77000
7069328,2,9,2,1,1,2,2,9,9,6,1,1,9,6,25000,25000
1509056,2,9,1,1,1,2,2,1,13,5,1,1,9,10,25000,25000
5752783,2,9,2,2,2,2,2,0,0,0,0,9,9,0,0,0
8755901,2,9,1,1,1,2,2,6,12,4,1,1,9,10,25000,25000
4620661,2,9,1,1,1,2,2,1,10,5,2,1,9,5,25000,25000
4975681,0,9,1,2,2,1,1,1,10,1,0,1,3,7,75000,75000
9747769,2,9,1,1,1,2,2,1,10,4,0,1,9,6,26000,26000
9731954,2,9,1,1,1,2,2,1,10,4,0,1,9,11,10500,10500
5174123,2,9,1,1,1,1,1,1,11,5,1,1,9,4,50000,50000
5342087,2,9,1,1,1,2,2,1,12,4,1,1,9,10,50000,50000
3808860,0,9,1,2,2,1,1,3,12,11,2,1,3,15,71488,71000
1518665,2,9,1,1,1,2,2,1,10,4,0,1,9,9,10517,1517
2934483,2,9,2,1,1,2,2,1,15,16,3,1,9,7,750000,75000
5369810,2,9,1,1,1,2,2,1,12,10,0,1,9,8,25000,25000
6250154,2,9,2,2,2,2,2,0,0,0,0,9,9,0,0,0
7355285,2,9,2,2,2,2,2,0,0,0,0,9,9,0,0,0
9774588,2,9,2,2,2,2,2,0,0,0,0,9,9,0,0,0
3176704,0,9,1,2,2,1,1,1,12,4,4,1,3,10,75000,75000
9988955,2,9,2,2,2,2,2,0,0,0,0,9,9,0,0,0
9609741,2,9,2,2,2,2,2,0,0,0,0,9,9,0,0,0
2679566,2,9,1,1,1,2,2,1,11,4,2,1,9,11,75000,75000
9872061,2,9,1,1,1,2,2,1,12,3,1,1,9,11,12500,12500
2754475,2,9,1,1,1,2,2,1,9,11,5,1,9,8,25000,25000
8298312,2,9,2,2,2,2,2,0,0,0,0,9,9,0,0,0
9247258,2,9,1,1,1,2,2,1,11,5,2,1,9,11,25000,25000
2736593,2,9,2,1,1,2,2,1,12,3,1,1,9,6,25000,25000
1098281,2,9,2,1,1,2,2,1,12,4,0,1,9,5,25000,25000
7294101,2,9,1,1,1,2,2,1,17,1,1,1,9,10,27000,27000
3823955,2,9,1,1,1,1,1,1,15,1,1,1,9,10,27000,27000
5117802,2,9,1,1,1,2,2,1,15,7,1,1,9,11,25000,25000
2487503,2,9,2,2,2,2,2,0,0,0,0,9,9,0,0,0
2579854,1,9,1,1,1,2,2,1,10,8,2,1,9,13,25000,25000
6624149,0,9,1,2,2,1,1,1,12,1,1,1,3,11,75000,75000
9685379,2,9,1,1,1,2,2,0,12,5,0,1,9,8,25000,25000
2053210,0,9,1,2,2,1,1,1,12,2,2,1,3,10,75000,75000
1256295,2,9,1,1,1,2,2,1,12,2,1,1,9,7,51000,50000
1645222,2,9,1,1,1,2,2,1,12,3,1,1,9,12,10000,10000
3397857,2,9,2,2,2,2,2,0,0,0,0,9,9,0,0,0
2552229,2,9,1,1,1,2,2,1,12,10,0,1,9,8,50000,50000
5458511,1,9,1,1,1,2,2,2,12,4,1,1,9,5,25000,25000
2862821,2,9,2,1,1,2,2,1,12,5,0,1,9,10,1168879.6,1168879.6
7817676,0,9,1,2,2,1,1,1,10,1,3,1,3,12,78550,78550
9304762,1,9,1,1,1,2,2,1,12,4,0,1,9,8,25000,25000
3693413,0,9,1,2,2,1,1,2,10,2,1,1,3,6,50000,50000
9478378,0,9,2,2,2,1,1,1,10,1,2,1,3,10,50000,50000
9981678,2,9,1,1,1,1,1,1,10,10,0,1,9,8,25000,25000
7133141,2,9,1,1,1,2,2,2,6,2,1,1,9,7,15000,15000
9583170,0,9,1,2,2,1,1,1,12,3,3,1,3,9,50000,50000
3431525,2,9,2,1,1,2,2,1,12,4,1,1,9,5,25000,25000
7417787,1,9,1,1,1,2,2,1,12,5,1,1,9,10,26000,26000
1515022,2,9,1,1,1,2,2,0,12,2,1,1,9,9,25000,25000
8696125,2,9,1,1,1,1,1,1,12,4,1,1,9,8,25000,25000
2472551,1,9,1,1,1,1,1,1,10,10,0,1,9,11,50000,50000
1894693,2,9,1,1,1,2,2,2,8,2,0,1,9,7,25000,25000
7718085,2,9,1,1,1,2,2,1,6,6,0,1,9,8,25000,25000
3628548,1,9,1,1,1,2,2,1,12,2,1,1,9,9,621000,621000
6231522,2,9,1,1,1,1,1,1,10,8,2,1,9,5,50000,50000
4744402,2,9,2,2,2,2,2,0,0,0,0,9,9,0,0,0
9324034,2,9,2,2,2,2,2,0,0,0,0,9,9,0,0,0
2816424,2,9,1,1,1,2,2,1,12,10,1,1,9,10,25000,25000
3543389,2,9,1,1,1,2,2,1,12,10,0,1,9,10,25000,25000
5720346,2,9,1,1,1,2,2,1,12,1,1,1,9,7,25000,25000
4506452,0,9,1,2,2,1,1,1,15,1,1,1,3,10,25000,25000
5536555,2,9,1,1,1,2,2,1,13,2,1,1,9,10,10000,10000
4022033,2,9,1,1,1,2,2,0,12,3,1,1,9,4,10000,10000
4189045,2,9,1,1,1,2,2,1,10,9,2,1,9,12,25000,25000
2142704,2,9,2,2,2,2,2,0,0,0,0,9,9,0,0,0
7471605,2,9,2,2,2,2,2,0,0,0,0,9,9,0,0,0
7726712,2,9,1,1,1,2,2,1,10,9,2,1,9,4,25000,25000
2000121,2,9,2,2,2,2,2,0,0,0,0,9,9,0,0,0
4756572,2,9,2,1,1,1,1,1,12,4,1,1,9,10,25000,25000
6905745,2,9,1,1,1,2,2,2,15,1,2,1,9,10,52000,52000
1775688,0,9,1,2,2,1,1,2,15,1,2,1,3,10,75000,75000
6746079,2,9,1,1,1,2,2,1,11,5,1,1,9,11,10000,10000
5378948,2,9,1,1,1,2,2,1,9,6,0,1,9,13,10000,10000
1892389,1,9,2,1,1,1,1,1,15,14,0,1,9,7,50000,50000
7570109,2,9,1,1,1,2,2,1,20,5,5,1,9,8,50000,50000
9220825,2,9,1,1,1,2,2,0,10,2,0,1,9,3,26300,25000
7184450,2,9,1,1,1,2,2,1,8,3,1,1,9,9,25000,0
2551645,0,9,1,2,2,1,1,2,8,5,2,1,3,10,53000,53000
5963435,2,9,1,1,1,2,2,1,6,2,1,1,9,7,10000,10000
1283828,2,9,1,1,1,2,2,1,10,4,1,1,9,8,10000,10000
3386974,2,9,1,1,1,1,1,1,10,5,0,1,9,8,51012,51012
4049942,1,9,1,1,1,1,1,0,10,8,2,1,9,6,50000,50000
9764102,2,9,1,1,1,2,2,1,12,3,1,1,9,11,12500,12500
9952162,1,9,1,1,1,2,2,2,8,3,0,1,9,7,12500,12500
9262842,2,9,1,1,1,2,2,1,12,6,1,1,9,7,25000,25000
7250936,2,9,1,1,1,1,1,1,12,3,1,1,9,11,50000,50000
4000130,2,9,1,1,1,2,2,1,10,4,1,1,9,10,31500,31500
6362346,2,9,1,1,1,2,2,2,8,3,1,1,9,7,25000,25000
6145665,2,9,1,1,1,2,2,1,12,10,1,1,9,8,26000,26000
9504712,0,9,1,2,2,1,1,1,10,10,2,1,3,6,0,0
7025795,2,9,2,1,1,1,1,1,12,10,4,1,9,11,50000,50000
8024100,2,9,1,1,1,2,2,1,12,5,3,1,9,10,51000,51000
6105840,0,9,2,2,2,1,1,1,12,3,2,1,3,6,77000,77000
5196943,2,9,1,1,1,2,2,1,8,8,0,1,9,11,64500,64500
5354439,0,9,1,2,2,1,1,1,12,10,0,1,3,0,50000,50000
8787317,2,9,1,1,1,2,2,1,11,12,0,1,9,3,25000,25000
1294584,0,9,1,2,2,1,1,1,8,1,0,1,3,7,75000,75000
7097413,2,9,1,1,1,2,2,1,12,5,2,1,9,11,50000,50000
3923978,2,9,1,1,1,2,2,1,12,4,2,1,9,10,25000,25000
8708149,0,9,1,2,2,1,1,1,20,2,5,1,3,4,25000,25000
5261656,2,9,1,1,1,1,1,1,10,5,1,1,9,4,50000,50000
6483761,2,9,1,1,1,2,2,1,10,4,1,1,9,11,25000,25000
4673813,1,9,1,1,1,1,1,1,20,10,0,1,9,10,75000,75000
1488493,2,9,1,1,1,1,1,1,12,7,1,1,9,5,50000,50000
9605743,2,9,1,1,1,1,1,1,10,7,1,1,9,6,50000,50000
7951009,2,9,1,1,1,1,1,1,12,2,1,1,9,10,75000,75000
4756514,2,9,1,1,1,2,2,1,15,9,4,1,9,2,0,0
4842580,2,9,1,1,2,2,2,1,10,10,1,1,9,2,0,0
9941447,2,9,1,1,1,2,2,5,10,10,1,1,9,11,10000,10000
4937266,2,9,1,1,1,2,2,1,10,5,2,1,9,8,77000,77000
7375723,2,9,1,1,1,1,1,0,10,5,0,2,9,0,0,0
7196741,2,9,1,1,1,1,1,1,15,11,1,1,9,10,50000,50000
7076071,2,9,1,1,1,1,1,1,6,14,2,1,9,5,50000,50000
9757156,2,9,1,1,1,1,1,1,10,7,3,1,9,8,77000,77000
5256197,0,9,1,2,2,1,1,1,12,2,1,1,3,7,104000,104000
6004703,0,9,2,2,2,1,2,3,13,5,3,1,1,2,0,0
5305364,0,9,2,2,2,1,1,1,15,6,5,1,3,5,100000,100000
7498632,0,9,2,2,2,1,1,0,10,10,6,1,3,10,202400,202400
8566453,2,9,2,2,2,2,2,0,0,0,0,9,9,0,0,0
3251382,2,9,2,2,2,2,2,0,0,0,0,9,9,0,0,0
6310717,2,9,2,2,2,2,2,0,0,0,0,9,9,0,0,0
8067355,2,9,2,2,2,2,2,0,0,0,0,9,9,0,0,0
8490325,2,9,2,2,2,2,2,0,0,0,0,9,9,0,0,0
2733282,2,9,2,2,2,2,2,0,0,0,0,9,9,0,0,0
3065032,2,9,2,2,2,2,2,0,0,0,0,9,9,0,0,0
5976190,2,9,2,2,2,2,2,0,0,0,0,9,9,0,0,0
2038423,2,9,2,2,2,2,2,0,0,0,0,9,9,0,0,0
8326816,2,9,2,2,2,2,2,0,0,0,0,9,9,0,0,0
7164591,2,9,2,2,2,2,2,0,0,0,0,9,9,0,0,0
4913834,2,9,2,2,2,2,2,0,0,0,0,9,9,0,0,0
3927081,2,9,2,2,2,2,2,0,0,0,0,9,9,0,0,0
4157694,2,9,2,2,2,2,2,0,0,0,0,9,9,0,0,0
1673345,2,9,2,2,2,2,2,0,0,0,0,9,9,0,0,0
1152781,2,9,1,1,1,2,2,1,11,11,0,1,9,9,25000,25000
3183356,0,9,1,2,2,1,1,0,10,5,0,2,2,0,0,0
7677207,2,9,1,1,1,2,2,0,10,3,0,1,9,10,27000,27000
7955996,2,9,2,2,2,2,2,0,0,0,0,9,9,0,0,0
6316676,2,9,2,2,2,2,2,0,0,0,0,9,9,0,0,0
5340357,2,9,2,2,2,2,2,0,0,0,0,9,9,0,0,0
7126779,2,9,2,2,2,2,2,0,0,0,0,9,9,0,0,0
5269196,2,9,2,2,2,2,2,0,0,0,0,9,9,0,0,0
2846159,2,9,2,2,2,2,2,0,0,0,0,9,9,0,0,0
1446280,2,9,2,2,2,2,2,0,0,0,0,9,9,0,0,0
1191223,2,9,2,2,2,2,2,0,0,0,0,9,9,0,0,0
3678199,2,9,2,2,2,2,2,0,0,0,0,9,9,0,0,0
2786179,1,9,1,1,1,2,2,1,6,5,0,1,9,4,10000,10000
3612022,1,9,1,1,1,2,2,1,12,15,0,1,9,7,27000,27000
4468393,0,9,1,2,2,1,1,2,6,5,0,1,3,10,75000,75000
6388186,2,9,1,1,1,2,2,1,6,2,0,1,9,10,25000,25000
6886067,2,9,1,1,1,2,2,1,7,2,0,1,9,6,10000,10000
8320756,2,9,1,1,1,2,2,1,15,2,0,1,9,5,51000,51000
9905275,0,9,1,2,2,1,1,1,15,10,2,1,3,8,75000,0
6895640,0,9,1,2,2,1,1,1,11,2,2,1,3,10,75000,75000
4942931,2,9,2,2,2,2,2,0,0,0,0,9,9,0,0,0
7170787,2,9,2,2,2,2,2,0,0,0,0,9,9,0,0,0
5004201,2,9,1,1,1,2,2,1,10,17,0,1,9,10,27000,27000
3542515,2,9,1,1,1,2,2,1,10,3,0,1,9,7,25000,25000
4110406,2,9,2,1,1,2,2,1,12,15,2,1,9,12,64000,64000
5380162,0,9,1,2,2,1,1,1,7,1,5,1,3,3,50000,50000
1899967,2,9,1,1,1,2,2,1,6,6,1,1,9,8,12000,12000
9119662,2,9,1,1,1,2,2,1,10,2,0,1,9,8,10000,10000
7508040,2,9,1,1,1,2,2,1,14,3,1,1,9,10,27000,27000
7475969,2,9,1,1,1,2,2,1,10,2,0,1,9,9,12000,12000
3550543,0,9,1,2,2,1,1,1,14,14,1,1,3,7,29000,29000
5295772,2,9,2,2,2,2,2,0,0,0,0,9,9,0,0,0
3083903,2,9,1,1,1,2,2,1,12,2,0,1,9,10,52000,52000
9481300,0,9,1,2,2,1,1,2,13,0,3,1,3,6,77000,77000
5438060,2,9,1,1,1,2,2,1,17,6,0,1,9,7,25000,25000
6991857,2,9,1,1,1,2,2,1,11,8,1,1,9,5,50000,50000
6002295,0,9,1,2,2,2,1,0,10,15,2,1,3,10,75000,75000
1780330,2,9,1,1,1,2,2,1,12,3,1,1,9,5,25000,25000
4633293,2,9,1,1,1,2,2,1,11,12,0,1,9,6,10000,10000
9891263,1,9,1,1,1,1,1,1,10,5,1,1,9,10,25000,25000
6787738,2,9,1,1,1,2,2,1,11,6,2,1,9,6,10000,10000
7454295,2,9,1,1,1,2,2,1,16,4,0,1,9,6,12000,12000
5462325,2,9,1,1,1,2,2,0,10,10,0,1,9,8,27000,27000
8403584,2,9,1,1,1,2,2,1,10,2,0,1,9,6,27000,27000
6668494,0,9,1,2,2,2,1,1,10,10,3,1,3,12,50000,50000
6664991,2,9,1,1,1,2,2,1,14,3,0,1,9,10,27000,27000
2553210,2,9,1,1,1,2,2,1,12,8,5,1,9,6,27000,27000
5607925,2,9,1,1,1,2,2,1,7,7,0,1,9,8,12000,12000
2656279,2,9,1,1,1,2,2,1,8,5,0,1,9,9,27000,27000
8993327,2,9,1,1,1,2,2,3,10,5,1,1,9,9,25000,25000
9854780,2,9,1,1,1,2,2,1,10,2,1,1,9,13,27000,27000
2993046,2,9,1,1,1,2,2,1,11,2,1,1,9,8,12000,12000
3246961,2,9,2,2,2,2,2,0,0,0,0,9,9,0,0,0
6372092,2,9,1,1,1,1,1,1,6,12,0,1,9,6,30000,30000
2695264,2,9,1,1,1,2,2,1,10,3,1,1,9,9,27000,27000
6251542,0,9,1,2,2,1,1,1,15,3,2,1,3,20,102000,102000
2549767,2,9,2,2,2,2,2,0,0,0,0,9,9,0,0,0
2931203,2,9,2,2,2,2,2,0,0,0,0,9,9,0,0,0
7563991,2,9,2,2,2,2,2,0,0,0,0,9,9,0,0,0
3280945,2,9,1,1,1,2,2,1,6,5,0,1,9,8,27000,27000
3871222,2,9,1,1,1,2,2,1,10,1,0,1,9,4,12000,12000
1155745,2,9,1,1,1,2,2,1,12,2,0,1,9,7,27000,27000
5866426,1,9,1,1,1,2,2,1,12,3,2,1,9,9,25000,25000
9838923,1,9,1,1,1,2,2,1,13,6,1,1,9,8,27000,27000
1738829,2,9,1,1,1,2,2,1,12,8,1,1,9,11,5000,5000
2064243,1,9,1,1,1,1,1,3,10,5,2,1,9,5,52000,52000
3325636,1,9,1,1,1,2,2,1,12,4,0,1,9,9,25000,25000
3167536,2,9,1,1,1,2,2,1,6,11,0,1,9,6,27000,27000
9149398,1,9,1,1,1,2,2,1,7,5,0,1,9,7,28000,28000
6158490,2,9,1,1,1,2,2,1,15,3,0,1,9,8,27000,27000
4289259,2,9,1,1,1,2,2,1,11,8,0,1,9,6,10000,10000
1897750,1,9,1,1,1,2,2,1,10,3,1,1,9,10,10000,10000
9942267,2,9,2,2,2,2,2,0,0,0,0,9,9,0,0,0
2243407,1,9,1,1,1,2,2,1,12,4,1,1,9,8,50000,50000
7903514,2,9,1,1,1,2,2,1,12,4,0,1,9,6,27000,27000
1623074,2,9,2,1,1,2,2,1,8,9,0,2,9,0,0,0
6783761,2,9,1,1,1,2,2,1,10,11,2,1,9,6,52000,52000
7942026,2,9,1,1,1,2,2,1,10,8,2,1,9,9,50000,50000
1919042,2,9,1,1,1,2,2,1,7,12,2,1,9,6,52000,52000
3573073,2,9,1,1,1,1,1,4,12,2,0,1,9,10,52500,52500
8356628,2,9,1,1,1,2,2,1,10,5,2,1,9,9,75000,75000
3970863,0,9,1,2,2,1,1,1,10,13,5,1,3,10,100000,100000
7871505,2,9,2,2,2,2,2,0,0,0,0,9,9,0,0,0
1787487,2,9,2,2,2,2,2,0,0,0,0,9,9,0,0,0
5573447,2,9,2,2,2,2,2,0,0,0,0,9,9,0,0,0
8658127,2,9,2,2,2,2,2,0,0,0,0,9,9,0,0,0
9044231,2,9,2,2,2,2,2,0,0,0,0,9,9,0,0,0
5177104,2,9,2,2,2,2,2,0,0,0,0,9,9,0,0,0
2083912,2,9,2,2,2,2,2,0,0,0,0,9,9,0,0,0
1364377,2,9,1,1,1,1,1,1,8,3,0,1,9,6,50000,50000
9566912,2,9,1,1,1,2,2,1,12,8,0,1,9,8,25000,25000
6056593,2,9,1,1,1,2,2,1,16,8,1,1,9,8,27000,27000
6144005,0,9,1,2,2,1,1,1,13,1,0,1,3,11,69500,69500
3735725,1,9,1,1,1,2,2,1,8,7,0,1,9,7,11000,11000
4320874,2,9,1,1,1,2,2,1,9,1,0,1,9,8,12000,12000
9967778,2,9,1,1,1,2,2,1,6,15,0,1,9,6,27000,27000
2583271,1,9,1,1,1,2,2,1,10,3,0,1,9,6,25000,25000
6070161,2,9,1,1,1,2,2,1,18,3,0,1,9,4,12000,12000
2972840,2,9,1,1,1,2,2,1,12,3,0,1,9,6,27000,27000
9185121,2,9,1,1,1,2,2,1,10,10,2,1,9,10,27000,27000
7527015,2,9,1,1,1,2,2,1,10,3,0,1,9,10,25000,25000
8824502,2,9,1,1,1,2,2,1,11,13,0,1,9,9,25000,25000
7426023,1,9,1,1,1,1,1,3,10,15,0,1,9,7,51000,51000
4780081,1,9,1,1,1,2,2,1,11,10,2,1,9,4,25000,25000
5383544,2,9,1,1,1,1,1,1,8,6,0,1,9,8,50000,50000
4887935,2,9,1,1,1,2,2,14,9,5,0,1,9,8,12000,12000
6097206,2,9,1,1,1,2,2,1,10,7,0,1,9,8,12000,12000
3801878,2,9,2,2,2,2,2,0,0,0,0,9,9,0,0,0
5087395,2,9,1,1,1,2,2,1,5,3,0,1,9,10,27000,27000
2000982,2,9,1,1,1,1,1,1,14,6,0,1,9,6,27000,27000
6871035,2,9,1,1,1,2,2,1,11,4,1,1,9,9,12000,12000
8173514,0,9,1,2,2,1,1,0,10,0,2,1,3,11,52000,52000
3732479,2,9,1,1,1,2,2,1,12,10,1,1,9,9,12000,12000
4519961,2,9,1,1,1,2,2,1,11,2,2,1,9,7,50000,50000
4441232,0,9,2,2,2,2,2,10,10,10,2,1,3,10,75000,75000
9048788,2,9,1,1,1,2,2,1,9,12,0,1,9,4,25000,25000
5240645,1,9,1,1,1,2,2,1,10,5,0,1,9,10,10000,10000
5369021,2,9,1,1,1,2,2,14,7,6,1,1,9,8,12000,12000
8735684,2,9,2,1,1,1,1,1,14,12,1,1,9,11,52000,52000
4903727,2,9,1,1,1,2,2,1,11,3,0,1,9,9,25000,25000
8023893,0,9,1,2,2,1,1,1,11,12,1,1,3,11,77000,77000
5881505,2,9,2,2,2,2,2,0,0,0,0,9,9,0,0,0
3689193,2,9,1,1,1,2,2,1,14,9,0,1,9,6,52000,52000
7757205,0,9,1,2,2,1,1,0,15,0,5,1,3,11,77000,77000
4218520,0,9,2,2,2,1,2,1,15,30,4,1,3,10,75000,75000
4045533,2,9,1,1,1,1,1,1,7,1,1,1,9,6,52000,52000
8388257,2,9,2,2,2,2,2,0,0,0,0,9,9,0,0,0
4297905,1,9,1,1,1,2,2,1,11,4,5,1,9,9,50000,50000
4910145,0,9,1,2,2,1,1,1,10,7,3,1,3,5,50000,50000
7569619,2,9,1,1,1,2,2,26,20,6,0,1,9,8,27000,27000
4778251,0,9,1,2,2,1,1,1,10,5,4,1,3,10,77000,77000
5232657,2,9,1,1,1,2,2,14,8,6,0,1,9,8,12000,12000
1279271,2,9,1,1,1,2,2,1,7,5,1,1,9,8,53000,53000
8361233,0,9,1,2,2,1,1,1,12,5,3,1,3,7,50000,50000
5171639,0,9,2,2,2,2,2,3,8,2,2,1,1,12,50000,50000
5970242,2,9,2,2,2,2,2,0,0,0,0,9,9,0,0,0
8950350,2,9,2,2,2,2,2,0,0,0,0,9,9,0,0,0
3363057,2,9,1,1,1,2,2,1,12,6,0,1,9,5,10000,10000
2901366,2,9,1,1,1,2,2,1,7,5,1,1,9,7,25000,25000
1383808,2,9,1,1,1,2,2,1,7,5,0,1,9,7,12000,12000
7232927,2,9,1,1,1,1,1,20,16,4,0,1,9,8,52000,52000
5059710,2,9,1,1,1,2,2,1,11,7,1,1,9,11,27000,27000
8735206,2,9,1,1,1,2,2,1,10,1,0,1,9,9,12000,12000
7615250,2,9,1,1,1,2,2,1,12,1,1,1,9,8,27000,27000
6594016,0,9,1,2,2,1,1,1,14,3,2,1,3,7,52000,52000
8389254,2,9,1,1,1,2,2,1,5,5,0,1,9,7,12000,12000
2221071,2,9,1,1,1,1,1,1,12,7,1,1,9,11,51085,51085
7696125,2,9,1,1,1,1,1,1,6,8,1,1,9,8,28000,28000
3080682,2,9,2,1,1,2,2,19,11,6,2,1,9,7,10000,10000
1569666,2,9,1,1,1,2,2,2,11,3,2,1,9,6,52000,52000
2774803,0,9,1,2,2,1,1,1,10,3,3,1,3,8,75000,75000
7117849,2,9,2,2,2,2,2,0,0,0,0,9,9,0,0,0
7325839,2,9,1,1,1,2,2,1,11,8,0,1,9,8,25000,25000
7915987,2,9,1,1,1,2,2,1,8,11,0,1,9,9,12000,12000
2218982,1,9,1,1,1,2,2,1,8,10,0,1,9,7,50000,50000
4186298,2,9,1,1,1,2,2,0,6,1,0,1,9,6,27000,27000
7563009,2,9,1,1,1,2,2,1,10,8,1,1,9,11,25000,25000
7555208,2,9,2,2,2,2,2,0,0,0,0,9,9,0,0,0
1245303,2,9,2,2,2,2,2,0,0,0,0,9,9,0,0,0
5371742,2,9,2,2,2,2,2,0,0,0,0,9,9,0,0,0
7717356,2,9,1,1,1,1,1,1,16,7,1,1,9,10,52000,52000
4280332,2,9,2,2,2,2,2,0,0,0,0,9,9,0,0,0
2577004,2,9,2,1,1,2,2,1,17,9,0,1,9,5,25100,25100
5980821,2,9,1,1,1,2,2,1,11,5,0,1,9,4,10000,10000
5374052,2,9,1,1,1,2,2,1,12,5,0,1,9,11,27000,27000
6191926,2,9,2,2,2,2,2,0,0,0,0,9,9,0,0,0
4813080,2,9,1,1,1,2,2,5,15,8,0,1,9,9,27000,27000
2991921,0,9,1,2,2,1,1,1,10,1,0,1,3,10,27000,27000
4595839,2,9,1,1,1,2,2,1,10,2,1,1,9,9,12000,12000
6253278,2,9,1,1,1,2,2,1,7,5,0,1,9,7,27000,27000
9535695,1,9,1,1,1,2,2,1,11,3,2,1,9,7,25000,25000
4058628,2,9,1,1,1,2,2,1,8,8,0,1,9,7,25000,25000
1624201,1,9,1,1,1,1,1,1,11,11,0,1,9,6,52000,52000
3902366,2,9,1,1,1,2,2,1,11,3,3,1,9,9,26000,26000
2158708,0,9,1,2,2,1,1,1,10,1,3,1,3,10,50000,50000
8477144,2,9,2,2,2,2,2,0,0,0,0,9,9,0,0,0
4922263,2,9,2,2,2,2,2,0,0,0,0,9,9,0,0,0
9591916,2,9,2,2,2,2,2,0,0,0,0,9,9,0,0,0
7979702,2,9,1,1,1,2,2,1,10,3,0,1,9,6,32000,32000
1081925,0,9,1,2,2,1,1,1,8,4,0,1,3,10,27000,27000
9635418,2,9,1,1,1,2,2,1,13,3,0,1,9,10,12000,12000
5665420,2,9,1,1,1,2,2,1,10,2,0,1,9,6,28000,28000
4900847,0,9,1,2,2,1,1,1,10,3,0,1,3,8,0,0
6064838,2,9,1,1,1,2,2,1,14,2,1,1,9,4,12000,12000
1512701,2,9,2,2,2,2,2,0,0,0,0,9,9,0,0,0
9798180,2,9,1,1,1,1,1,1,14,2,0,1,9,6,52000,52000
8914205,2,9,1,1,1,2,2,1,17,6,0,1,9,6,50000,50000
3010782,0,9,2,2,2,1,1,0,5,0,2,1,3,10,104545,104545
5450232,2,9,2,2,2,2,2,0,0,0,0,9,9,0,0,0
8887519,2,9,2,1,1,2,2,1,5,6,0,1,9,8,27000,27000
1540619,2,9,1,1,1,2,2,1,7,6,1,1,9,5,25000,25000
3672667,0,9,1,2,2,1,1,1,12,0,0,1,3,12,50000,50000
6780893,2,9,1,1,1,1,1,1,10,4,0,1,9,7,52000,52000
4495041,2,9,1,1,1,1,1,1,11,10,0,1,9,7,25000,25000
1485306,2,9,1,1,1,2,2,1,10,10,0,1,9,7,27000,27000
4122698,2,9,2,2,2,2,2,0,0,0,0,9,9,0,0,0
5066081,0,9,2,2,2,1,1,1,7,8,1,1,3,11,69500,69500
6384807,0,9,2,2,2,1,1,1,10,1,0,1,3,7,50000,50000
7741810,1,9,1,1,1,2,2,1,12,4,2,1,9,9,27000,27000
6577033,1,9,1,1,1,2,2,1,11,18,2,1,9,11,51000,51000
9651807,0,9,1,2,2,1,1,1,11,8,2,1,3,6,75000,75000
6814881,2,9,2,2,2,2,2,0,0,0,0,9,9,0,0,0
2945686,1,9,1,1,1,2,2,1,12,4,2,1,9,12,27000,27000
5555828,0,9,1,2,2,1,1,1,10,1,1,1,3,8,51800,51800
7708229,2,9,1,1,1,2,2,1,9,3,1,1,9,6,25000,25000
8391243,0,9,1,2,2,1,1,0,7,0,1,1,3,10,52000,52000
5823358,2,9,1,1,1,2,2,1,12,2,1,1,9,6,27000,27000
4543313,2,9,1,1,1,2,2,1,10,6,1,1,9,10,26000,26000
7793924,2,9,2,2,2,2,2,0,0,0,0,9,9,0,0,0
7688821,0,9,1,2,2,1,1,1,10,3,6,1,3,5,50000,50000
7982744,2,9,1,1,1,1,1,1,14,6,1,1,9,7,52000,52000
9728897,2,9,1,1,1,2,2,1,12,3,0,1,9,11,27000,27000
1683402,2,9,1,1,1,2,2,1,10,3,0,1,9,8,25000,25000
6516162,2,9,1,1,1,2,2,1,8,3,0,1,9,11,25000,25000
4676385,2,9,1,1,1,2,2,1,12,10,1,1,9,10,25000,25000
7076836,2,9,1,1,1,2,2,1,13,15,1,1,9,7,10000,10000
9607846,2,9,1,1,1,2,2,1,13,13,5,1,9,10,10000,10000
4200087,2,9,1,1,1,2,2,1,15,10,2,1,9,10,12500,12500
4571374,2,9,1,1,1,2,2,1,12,10,4,1,9,10,12750,12750
4592200,2,9,1,1,1,2,2,1,12,10,4,1,9,10,50000,50000
6359065,0,9,1,2,2,1,1,2,18,10,2,1,3,10,50000,50000
4550822,2,9,1,1,1,1,1,1,11,15,2,1,9,15,25000,25000
9191948,2,9,1,1,1,1,1,1,15,12,1,1,9,6,25000,25000
7204665,2,9,1,1,1,2,2,1,12,5,1,1,9,11,25000,25000
7941503,0,9,1,2,2,1,1,1,12,3,0,1,3,10,210000,120000
2063306,2,9,2,2,2,2,2,0,0,0,0,9,9,0,0,0
6307345,2,9,2,2,2,2,2,0,0,0,0,9,9,0,0,0
2009492,2,9,2,2,2,2,2,0,0,0,0,9,9,0,0,0
5957687,2,9,2,2,2,2,2,0,0,0,0,9,9,0,0,0
2984969,1,9,1,1,1,2,2,1,11,1,0,1,9,11,25000,25000
7006358,2,9,1,1,1,2,2,1,14,5,1,1,9,11,25000,25000
6893182,2,9,1,1,1,2,2,1,13,14,1,1,9,10,0,0
8801650,2,9,1,1,1,2,2,1,12,3,1,1,9,11,10000,10000
3258820,2,9,1,1,1,2,2,1,12,10,1,1,9,10,50000,50000
5164069,0,9,1,2,2,1,1,1,1,2,2,1,3,8,75000,75000
5554182,2,9,1,1,1,1,1,1,10,10,2,1,9,10,50000,50000
9074330,2,9,1,1,1,2,2,1,14,15,1,1,9,7,25000,25000
3687177,2,9,1,1,1,1,1,1,13,13,5,1,9,10,25000,25000
6469550,2,9,1,1,1,2,2,1,10,12,3,1,9,10,50000,50000
5084389,2,9,1,1,1,2,2,1,10,15,3,1,9,10,25000,25000
2720737,2,9,1,1,1,2,2,0,0,0,0,1,9,0,10452,10452
9059451,2,9,2,2,2,2,2,0,0,0,0,9,9,0,0,0
5771753,0,9,1,2,2,1,1,1,5,4,2,1,1,10,37500,37500
3981072,0,9,2,2,2,2,2,1,12,15,2,1,1,10,100000,100000
1300073,0,9,2,2,2,1,1,1,5,5,1,1,3,0,0,0
2558344,2,9,1,1,1,2,2,1,7,5,2,1,9,4,25000,25000
5434173,2,9,2,2,2,2,2,0,0,0,0,9,9,0,0,0
2273123,2,9,2,2,2,2,2,0,0,0,0,9,9,0,0,0
1876780,2,9,1,2,2,2,2,1,10,5,5,1,9,0,0,0
4436580,2,9,1,1,1,2,2,0,0,0,0,1,9,0,0,0
9980856,2,9,2,2,2,2,2,0,0,0,0,9,9,0,0,0
7221642,2,9,2,2,2,2,2,0,0,0,0,9,9,0,0,0
7382106,2,9,2,2,2,2,2,0,0,0,0,9,9,0,0,0
8316680,2,9,1,1,1,2,2,1,10,10,0,1,9,10,25000,25000
6814719,2,9,1,1,1,2,2,1,15,10,3,1,9,8,25000,25000
8614839,2,9,1,1,1,2,2,1,14,12,1,1,9,8,19500,19500
9698554,1,9,1,1,1,2,2,1,10,10,1,1,9,10,25000,25000
1304084,2,9,1,1,1,2,2,1,15,12,3,1,9,6,25000,25000
3851804,2,9,2,1,1,2,2,1,13,10,1,1,9,7,0,0
9611973,2,9,1,1,1,2,2,6,12,10,4,1,9,10,25000,25000
5740248,0,9,2,2,2,1,1,1,10,0,1,1,1,13,25000,25000
9241012,2,9,1,1,1,2,2,1,10,15,1,1,9,6,25000,25000
9812579,2,9,2,1,1,2,2,1,12,10,1,1,9,7,25000,25000
8096119,2,9,1,1,1,2,2,1,12,10,2,1,9,10,25000,25000
1870664,2,9,1,1,1,2,2,1,10,12,0,1,9,7,51750,51750
9562866,0,9,1,2,2,1,1,1,12,5,2,1,3,7,75000,75000
2587914,2,9,1,1,1,1,1,1,10,15,1,1,9,12,50000,50000
2818029,2,9,1,1,1,1,1,1,10,15,6,1,9,12,50000,50000
2726601,2,9,1,1,1,2,2,5,10,5,1,2,9,0,0,0
3164261,0,9,1,2,2,1,1,1,12,0,2,2,2,0,0,0
6939898,2,9,2,2,2,2,2,0,0,0,0,9,9,0,0,0
8888084,2,9,2,2,2,2,2,0,0,0,0,9,9,0,0,0
5047836,1,9,1,1,1,2,2,1,12,6,1,1,9,6,25000,25000
5946154,0,9,1,2,2,1,1,1,12,15,1,1,3,7,25000,25000
8102573,1,9,1,1,1,1,1,1,15,12,1,1,9,7,50000,50000
8544414,2,9,1,1,1,2,2,1,14,12,0,1,9,10,10000,10000
6041001,2,9,1,1,1,2,2,1,12,15,1,1,9,12,10000,10000
1938287,2,9,1,1,1,2,2,1,14,5,0,1,9,11,25000,25000
6157668,2,9,1,1,1,2,2,1,10,10,1,1,9,10,25000,25000
8496989,2,9,1,1,1,2,2,1,12,10,1,1,9,10,25000,25000
1086210,1,9,1,1,1,2,2,1,12,6,1,1,9,6,25000,25000
1817718,2,9,2,1,1,2,2,1,12,10,1,1,9,10,50000,50000
9868427,2,9,1,1,1,1,1,1,12,11,1,1,9,7,50000,5000
6667713,2,9,1,1,1,2,2,2,15,13,1,1,9,11,25000,25000
3808224,2,9,1,1,2,2,2,1,10,10,1,1,9,5,0,0
8751571,2,9,1,1,1,2,2,1,10,15,1,1,9,6,50000,50000
2625046,0,9,1,2,2,1,1,1,12,2,1,1,3,8,75000,75000
7865025,2,9,1,1,1,2,2,1,12,9,1,1,9,7,25000,25000
2125573,2,9,1,1,1,2,2,1,15,12,0,1,9,12,25000,25000
5703018,2,9,1,1,1,2,2,1,12,13,1,1,9,15,39500,39500
8759307,2,9,1,1,1,2,2,1,11,12,1,1,9,11,10000,10000
3360644,0,9,1,2,2,1,1,1,12,1,1,1,1,7,0,0
1745729,2,9,1,1,1,2,2,3,11,13,1,1,9,11,25000,25000
2078945,2,9,1,1,1,2,2,1,12,10,2,1,9,7,25000,25000
5664291,0,9,1,2,2,1,1,1,10,10,2,1,3,10,0,0
7443417,2,9,1,1,1,2,2,1,15,10,1,1,9,5,12500,12500
5946237,2,9,1,1,1,2,2,1,13,10,1,1,9,10,10000,10000
8054882,2,9,2,2,2,2,2,0,0,0,0,9,9,0,0,0
4846905,2,9,1,1,1,2,2,2,12,12,3,1,9,8,10000,10000
5542962,2,9,1,1,1,2,2,1,12,12,10,1,9,8,52000,52000
7229178,2,9,1,1,1,2,2,1,12,10,3,1,9,6,10000,10000
4914456,1,9,1,1,1,2,2,1,12,12,1,1,9,10,0,0
5324332,2,9,2,2,2,2,2,0,0,0,0,9,9,0,0,0
2921314,2,9,1,1,1,2,2,1,12,12,0,1,9,6,25000,25000
6211747,2,9,1,1,1,2,2,1,12,12,1,1,9,10,10000,10000
2033268,2,9,1,1,1,2,2,1,12,12,1,1,9,10,25000,25000
9531123,2,9,1,1,1,2,2,11,12,13,1,1,9,11,50000,50000
2086837,0,9,1,2,2,1,1,3,15,2,1,1,3,10,50000,50000
5126002,2,9,1,1,1,2,2,1,13,12,1,1,9,10,0,0
7188755,2,9,1,1,1,2,2,1,8,8,0,1,9,6,25000,25000
5343292,2,9,1,1,1,2,2,1,15,13,1,1,9,9,26000,26000
6489684,2,9,1,1,1,2,2,1,12,10,4,1,9,10,25824,25824
7857230,2,9,1,1,1,2,2,1,13,14,0,1,9,12,50000,50000
2352282,0,9,1,2,2,1,1,1,12,2,2,1,3,8,50000,50000
8161144,2,9,1,1,1,1,1,1,12,5,1,1,9,8,50000,50000
6490154,2,9,2,1,1,1,1,4,10,6,1,1,9,0,0,0
9848134,2,9,2,2,2,2,2,0,0,0,0,9,9,0,0,0
8830819,2,9,1,1,1,2,2,1,13,11,5,1,9,10,12500,12500
3523164,0,9,1,2,2,1,1,2,13,6,2,1,1,10,75000,75000
8229581,2,9,1,1,1,2,2,1,13,13,1,1,9,10,25000,25000
3578039,2,9,1,1,1,1,1,1,10,10,1,1,9,6,25000,25000
8645261,2,9,1,1,1,2,2,1,12,6,1,1,9,10,25000,25000
8058313,0,9,1,2,2,1,1,0,2,1,1,1,3,10,50000,50000
1637006,2,9,1,1,1,2,2,1,12,13,1,1,9,7,10000,10000
9136749,2,9,2,2,2,2,2,0,0,0,0,9,9,0,0,0
7902671,2,9,1,1,1,2,2,1,10,5,0,1,9,8,25000,25000
8196190,2,9,2,2,2,2,2,0,0,0,0,9,9,0,0,0
4718139,2,9,1,1,1,2,2,1,10,10,1,1,9,6,25000,25000
7284863,2,9,1,1,1,2,2,1,15,12,1,1,9,10,25000,25000
3092332,2,9,1,1,1,2,2,1,15,8,1,1,9,6,25000,25000
8684730,2,9,1,1,1,1,1,1,12,8,1,1,9,7,50000,50000
6278323,2,9,1,1,1,2,2,1,12,15,1,1,9,7,25000,25000
3856798,2,9,1,1,1,2,2,1,12,10,4,1,9,10,15800,15800
6409780,2,9,1,1,1,2,2,1,12,10,2,1,9,6,25000,25000
6959992,0,9,2,2,2,1,1,2,8,3,1,1,3,9,50000,50000
6537248,2,9,1,1,1,2,2,1,12,10,1,1,9,5,25000,25000
3418172,2,9,1,1,1,2,2,1,12,15,1,1,9,7,10000,10000
5386630,2,9,1,1,1,1,1,1,11,12,2,1,9,7,25000,25000
5100946,2,9,1,1,1,2,2,1,12,12,1,1,9,10,0,0
7473947,2,9,1,1,1,2,2,1,12,12,1,1,9,10,0,0
7149271,2,9,2,2,2,2,2,0,0,0,0,9,9,0,0,0
9951708,2,9,1,1,1,2,2,1,15,10,3,1,9,8,36500,36500
4764579,2,9,1,1,1,2,2,1,12,10,1,1,9,12,12500,12500
6702441,2,9,1,1,1,2,2,5,12,6,0,1,9,20,25000,25000
2273492,2,9,1,1,1,2,2,1,12,10,1,1,9,6,10000,10000
4999325,2,9,1,1,1,2,2,1,10,10,1,1,9,10,25000,25000
9769810,2,9,1,1,1,1,1,1,13,15,1,1,9,12,50000,50000
8846301,2,9,1,1,1,2,2,1,14,12,0,1,9,10,10000,10000
7341735,2,9,1,1,1,1,1,1,12,12,1,1,9,6,25000,25000
7118193,2,9,1,1,1,2,2,1,12,12,2,1,9,8,10000,10000
9146247,2,9,2,2,2,2,2,0,0,0,0,9,9,0,0,0
9439359,2,9,1,1,1,2,2,2,15,13,2,1,9,10,50000,50000
4213397,0,9,1,2,2,1,1,1,12,5,1,1,1,10,75000,75000
1208342,2,9,2,2,2,2,2,0,0,0,0,9,9,0,0,0
3704816,2,9,1,1,1,2,2,2,9,12,1,1,9,8,0,0
6886506,2,9,1,1,1,1,1,2,15,12,2,1,9,10,50000,50000
3039109,2,9,1,1,1,1,1,1,14,3,1,1,9,12,50000,50000
4584505,2,9,1,1,1,2,2,1,14,13,1,1,9,10,5000,5000
8776676,2,9,1,1,1,2,2,2,15,12,0,1,9,10,10000,10000
6297347,2,9,1,1,1,2,2,1,12,15,1,1,9,10,25000,25000
2750783,2,9,2,2,2,2,2,0,0,0,0,9,9,0,0,0
8167553,2,9,1,1,1,2,2,1,12,10,1,1,9,10,25000,25000
2599611,2,9,1,1,1,2,2,1,12,9,1,1,9,8,50000,50000
7752450,0,9,1,2,2,1,1,1,12,2,2,1,3,10,75000,75000
8825719,2,9,1,1,1,2,2,1,12,10,2,1,9,10,25000,25000
7600157,0,9,1,2,2,1,1,1,14,5,1,1,3,10,50000,50000
1902111,2,9,1,1,1,2,2,1,12,12,1,1,9,8,25000,25000
8131616,2,9,1,1,1,2,2,1,18,12,1,1,9,6,25000,25000
5446667,2,9,1,1,1,2,2,1,12,10,2,1,9,10,10000,10000
6868268,2,9,1,1,1,2,2,1,13,5,2,1,9,12,12500,12500
8337857,0,9,1,2,2,1,1,1,2,7,3,1,3,8,50000,50000
9762549,1,9,1,1,1,2,2,1,14,12,2,1,9,11,25000,25000
9638249,2,9,1,1,1,2,2,1,12,12,1,1,9,7,10000,10000
6109104,2,9,1,1,1,1,1,1,10,15,1,1,9,10,26000,26000
2228897,2,9,1,1,1,1,1,1,12,6,1,1,9,6,25000,25000
2488708,1,9,1,1,1,2,2,1,12,12,1,1,9,10,0,0
3516715,2,9,1,1,1,2,2,1,15,11,0,1,9,10,25000,25000
7755307,2,9,1,1,1,2,2,1,12,15,2,1,9,7,50000,50000
3591677,0,9,1,2,2,1,1,1,16,15,2,1,3,8,50000,50000
6999638,2,9,1,1,1,2,2,1,12,8,2,1,9,5,50000,50000
5161665,0,9,1,2,2,1,1,4,14,5,2,1,3,13,75000,75000
5277676,2,9,2,2,2,2,2,0,0,0,0,9,9,0,0,0
4153120,2,9,1,1,1,2,2,1,12,8,1,1,9,9,25000,25000
3956050,2,9,1,1,1,2,2,1,15,10,2,1,9,10,25000,25000
2486679,2,9,1,1,1,2,2,1,15,12,0,1,9,7,25000,25000
1141738,2,9,1,1,1,2,2,1,12,15,1,1,9,10,10000,10000
3435303,2,9,1,1,1,1,1,1,12,7,5,1,9,8,50000,50000
4187386,2,9,1,1,1,2,2,1,12,15,2,1,9,10,26000,26000
2694620,2,9,1,1,1,2,2,1,12,8,1,1,9,8,25000,25000
2782905,2,9,1,1,1,2,2,1,12,9,1,1,9,6,12500,0
2990737,0,9,1,2,2,1,1,1,12,6,4,1,3,7,50000,50000
3442810,2,9,1,1,1,2,2,1,10,15,1,1,9,13,26000,26000
6413264,0,9,1,2,2,1,1,5,15,15,5,1,1,12,50100,50100
9707450,2,9,1,1,1,2,2,1,10,15,1,1,9,12,25000,25000
2497331,2,9,2,2,2,2,2,0,0,0,0,9,9,0,0,0
4625493,2,9,1,1,1,2,2,1,10,12,1,1,9,10,25000,25000
5330750,0,9,1,2,2,1,1,1,12,3,3,1,1,8,50000,50000
2605911,0,9,1,2,2,1,1,2,18,4,4,1,3,10,75000,75000
3411897,2,9,2,2,2,2,2,0,0,0,0,9,9,0,0,0
9078365,2,9,2,2,2,2,2,0,0,0,0,9,9,0,0,0
3225224,2,9,1,1,1,2,2,1,12,12,1,1,9,10,0,0
3736181,2,9,1,1,1,1,1,1,12,15,2,1,9,6,25000,25000
2782833,1,9,1,1,1,1,1,1,12,10,0,1,9,10,25000,25000
3114428,2,9,1,1,1,2,2,1,12,10,1,1,9,10,10000,10000
9363046,2,9,1,1,1,2,2,1,5,10,0,1,9,10,25000,25000
8453268,2,9,1,1,1,2,2,1,15,15,1,1,9,10,25000,25000
1406557,0,9,1,2,2,1,1,1,12,3,2,1,3,10,75000,75000
5488112,2,9,1,1,1,2,2,1,14,8,1,1,9,8,10000,10000
8227374,2,9,2,2,2,2,2,0,0,0,0,9,9,0,0,0
4955546,2,9,1,1,1,2,2,1,10,12,1,1,9,8,10000,10000
6067518,2,9,1,1,1,2,2,1,17,13,1,1,9,5,50000,50000
9140157,1,9,1,1,1,2,2,1,10,12,1,1,9,4,50000,50000
6648539,0,9,1,2,2,1,1,1,9,9,1,1,3,5,75000,75000
7069824,0,9,1,2,2,1,1,1,9,9,3,1,3,9,86500,86500
8682934,2,9,2,2,2,2,2,0,0,0,0,9,9,0,0,0
5125152,2,9,2,2,2,2,2,0,0,0,0,9,9,0,0,0
6314896,2,9,1,1,1,2,2,1,14,12,1,1,9,10,0,0
4260214,2,9,1,1,1,2,2,1,12,10,1,1,9,6,25000,25000
5032429,2,9,1,1,1,1,1,1,12,10,1,1,9,6,65000,65000
4875646,2,9,1,1,1,2,2,1,12,11,0,1,9,6,50000,50000
4032635,0,9,1,2,2,1,1,1,12,15,4,1,3,10,75000,75000
4199574,2,9,1,1,1,2,2,12,14,10,1,1,9,11,25000,25000
6348891,0,9,1,2,2,1,1,1,14,1,4,1,3,9,50000,50000
2251153,2,9,2,2,2,2,2,0,0,0,0,9,9,0,0,0
4279728,2,9,1,1,1,2,2,1,12,8,2,1,9,5,12000,0
5775968,2,9,1,1,1,1,1,1,12,12,3,1,9,10,50000,50000
6228490,2,9,1,1,1,1,1,1,15,10,1,1,9,10,25000,25000
9547157,2,9,1,1,1,2,2,1,12,8,1,1,9,5,25000,25000
5890567,2,9,1,1,1,1,1,1,10,15,1,1,9,10,50000,50000
7973523,2,9,1,1,1,2,2,1,12,15,1,1,9,9,10000,10000
1676820,2,9,1,1,1,2,2,1,10,10,1,1,9,20,0,0
1024982,0,9,1,2,2,1,1,1,6,0,3,1,3,16,75000,75000
6407505,0,9,1,2,2,1,1,1,7,3,2,1,1,3,0,0
5662363,2,9,1,1,1,2,2,1,10,10,1,1,9,8,50000,50000
5224901,2,9,1,1,1,2,2,1,13,15,1,1,9,10,26000,26000
3917338,2,9,1,1,1,2,2,1,10,3,2,1,9,10,25600,25600
6576716,2,9,1,1,1,2,2,1,14,15,1,1,9,8,10000,10000
9036362,2,9,1,1,1,2,2,1,9,5,3,1,9,7,50000,50000
8069127,0,9,1,2,2,1,1,1,13,2,1,1,1,10,75000,75000
6216646,2,9,2,2,2,2,2,0,0,0,0,9,9,0,0,0
6756475,1,9,1,1,1,1,1,1,12,15,0,1,9,7,50000,50000
5786892,2,9,1,1,1,2,2,1,12,11,0,1,9,11,25000,25000
6534067,2,9,1,1,1,2,2,1,12,15,1,1,9,10,10000,10000
3625152,2,9,1,1,1,2,2,1,12,10,2,1,9,7,25000,25000
4784078,2,9,2,1,1,2,2,5,10,5,1,2,9,0,0,0
4503481,2,9,2,2,2,2,2,0,0,0,0,9,9,0,0,0
6986279,2,9,1,1,1,2,2,1,13,12,0,1,9,10,10000,10000
7926533,0,9,1,2,2,1,1,1,12,3,2,1,3,10,97430,97430
9213950,2,9,1,1,1,1,1,4,14,13,1,1,9,10,29500,29500
6832318,2,9,1,1,1,1,1,1,12,8,3,1,9,7,50000,50000
1953160,2,9,1,1,1,1,1,1,12,7,1,1,9,7,25000,25000
9069569,2,9,1,1,1,1,1,1,14,10,4,1,9,10,50000,50000
1609974,2,9,1,1,1,1,1,1,10,8,1,1,9,8,50000,50000
6101393,2,9,2,2,2,2,2,0,0,0,0,9,9,0,0,0
8838406,2,9,1,1,1,1,1,1,15,16,1,1,9,8,25000,25000
4067771,2,9,1,1,1,1,1,1,12,12,1,1,9,10,67250,67250
9657992,2,9,1,1,1,1,1,1,17,12,1,1,9,5,25000,25000
8674787,2,9,1,1,1,2,2,2,12,15,1,1,9,10,26000,26000
7341654,0,9,1,2,2,1,1,1,9,7,2,1,3,5,51500,51500
3197189,2,9,1,1,1,2,2,1,10,10,0,1,9,10,25000,25000
5420804,2,9,2,1,1,2,2,1,1,6,0,1,9,12,12000,12000
2837400,2,9,2,1,1,2,2,1,2,6,0,1,9,11,14000,14000
4514047,2,9,1,1,1,2,2,1,8,4,0,1,9,7,10000,10000
4243101,2,9,2,1,1,1,1,0,4,4,0,1,9,7,50000,50000
4670216,2,9,1,1,1,1,1,1,8,2,0,1,9,7,25000,25000
4457210,2,9,1,1,1,2,2,1,7,5,0,1,9,4,10000,10000
3332939,2,9,1,1,1,1,1,1,8,5,0,1,9,6,25000,25000
5833124,2,9,1,1,1,2,2,1,8,6,0,1,9,5,25000,25000
3502346,2,9,1,1,1,2,2,1,13,10,2,1,9,10,25000,25000
7126546,2,9,1,1,1,2,2,1,7,8,1,1,9,6,25000,25000
3024831,2,9,1,1,1,2,2,1,7,10,1,1,9,7,10000,10000
9561459,2,9,1,1,1,1,1,1,10,10,0,1,9,10,25000,25000
3656130,2,9,1,1,1,2,2,1,3,11,1,1,9,10,25000,25000
5065014,0,9,1,2,2,1,1,0,9,9,4,1,3,2,75000,75000
4681936,2,9,1,1,1,2,2,5,7,4,0,1,9,10,10000,10000
4933122,2,9,1,1,1,1,1,1,12,10,1,1,9,6,50000,50000
5489266,2,9,1,1,1,2,2,1,10,8,0,1,9,10,25000,25000
7181551,2,9,1,1,1,2,2,1,5,9,0,1,9,6,25000,25000
6660417,2,9,1,1,1,2,2,1,4,11,1,1,9,5,10000,10000
4986129,2,9,1,1,1,2,2,1,3,5,0,1,9,4,27250,27250
8321809,2,9,1,1,1,2,2,1,11,5,0,1,9,6,25000,25000
8992805,2,9,1,1,1,1,1,1,12,10,1,1,9,10,50000,50000
6212128,2,9,1,1,1,2,2,1,15,5,0,1,9,7,50000,50000
2880816,0,9,2,2,2,1,1,3,3,6,2,1,3,12,51000,51000
2107542,2,9,1,1,1,2,2,1,12,5,0,1,9,8,25000,25000
4082833,2,9,1,1,1,2,2,1,13,7,0,1,9,7,25155,25155
1729768,2,9,2,1,1,1,1,1,10,7,0,1,9,7,25890,25890
6447952,2,9,1,1,1,2,2,1,10,10,0,1,9,4,25000,25000
5656298,2,9,1,1,1,2,2,1,10,4,0,1,9,0,10000,10000
2355141,2,9,1,1,1,2,2,1,8,3,0,1,9,6,25810,25810
5785093,2,9,1,1,1,2,2,1,15,7,2,1,9,7,25000,25000
9225488,2,9,1,1,1,2,2,1,8,8,0,1,9,12,25000,25000
3271524,2,9,1,2,1,2,2,5,4,9,1,1,9,5,0,0
1552695,2,9,1,1,1,1,1,1,10,8,0,1,9,10,25000,25000
3475476,2,9,1,1,1,2,2,1,6,9,0,1,9,4,25000,25000
4074984,2,9,1,1,1,1,1,1,10,3,0,1,9,8,27250,27250
8584553,2,9,1,1,1,2,2,1,8,4,1,1,9,6,10000,10000
3567670,2,9,1,1,1,1,1,1,7,6,0,1,9,9,50000,50000
1197912,2,9,1,1,1,2,2,1,10,9,1,1,9,9,25000,25000
8500579,2,9,1,1,1,2,2,1,10,3,2,1,9,7,50000,50000
2226222,2,9,1,1,1,2,2,1,14,6,1,1,9,7,25638,25638
8727322,2,9,1,1,1,2,2,1,10,4,0,1,9,7,10000,10000
7577217,2,9,1,1,1,2,2,1,6,9,0,1,9,4,25000,25000
2474930,2,9,1,1,1,2,2,1,1,20,0,1,9,6,27000,27000
7810989,2,9,1,1,1,2,2,1,10,6,0,1,9,7,25000,25000
5441203,2,9,1,1,1,2,2,1,8,2,0,1,9,12,50000,50000
3049338,0,9,2,2,2,1,1,1,3,7,2,1,3,10,92250,92250
5443505,2,9,1,1,1,2,2,6,4,3,1,1,9,10,25000,25000
1513086,2,9,1,1,1,2,2,1,10,9,0,1,9,10,34000,34000
8128199,2,9,1,1,1,2,2,1,15,5,0,1,9,7,25000,25000
5978702,0,9,2,2,2,1,1,4,50,2,0,1,1,6,75000,75000
9678769,2,9,2,2,2,2,2,0,0,0,0,9,9,0,0,0
2956800,2,9,2,2,2,2,2,0,0,0,0,9,9,0,0,0
9633499,2,9,2,2,2,2,2,0,0,0,0,9,9,0,0,0
5147142,2,9,2,1,1,1,1,13,5,9,1,1,9,7,50000,50000
8180869,2,9,1,1,1,2,2,1,7,4,0,1,9,6,10000,10000
8942500,2,9,1,1,1,1,1,0,8,9,0,1,9,1,50000,50000
4896307,2,9,1,1,1,2,2,1,9,9,0,1,9,4,12500,12500
5877197,2,9,1,1,1,2,2,1,9,6,1,1,9,7,51010,51010
8359493,0,9,1,2,2,1,1,13,10,3,0,1,3,11,189500,189500
7059715,2,9,2,2,2,2,2,0,0,0,0,9,9,0,0,0
9761144,2,9,1,2,2,1,1,12,20,20,2,1,9,4,0,0
8097963,0,9,2,2,2,1,1,3,10,5,3,1,3,8,40300,40300
7953530,2,9,1,1,1,2,2,1,9,11,0,1,9,6,25000,25000
5998796,2,9,1,1,1,2,2,1,9,6,1,1,9,11,25000,25000
4578777,2,9,2,1,1,2,2,1,10,4,0,1,9,6,25000,25000
5765830,0,9,1,2,2,1,1,1,11,1,4,1,3,12,0,0
7834410,2,9,2,1,1,2,2,1,12,4,0,1,9,6,25000,25000
7291479,2,9,1,1,1,2,2,1,10,3,0,1,9,7,10000,10000
3309821,2,9,1,1,1,1,1,1,6,3,0,1,9,6,25000,25000
8464243,2,9,1,1,1,2,2,1,7,7,1,1,9,15,25000,25000
3175139,2,9,2,1,1,1,1,1,12,8,1,1,9,9,67250,67250
1411350,2,9,1,1,1,2,2,1,1,10,1,1,9,6,25000,25000
9637880,2,9,1,1,1,2,2,6,8,7,0,1,9,10,10000,10000
1376776,2,9,2,2,2,2,2,0,0,0,0,9,9,0,0,0
7225427,2,9,1,1,1,2,2,1,5,15,0,1,9,3,25000,25000
6150200,2,9,1,1,1,1,1,1,6,10,0,1,9,7,50000,50000
9142869,2,9,1,1,1,2,2,1,9,4,1,1,9,7,25000,25000
9314494,2,9,2,1,1,2,2,1,10,4,0,1,9,6,25000,25000
6196794,2,9,1,1,1,2,2,1,8,3,0,1,9,7,25000,25000
3964431,2,9,1,1,1,2,2,1,5,7,0,1,9,7,10573,10573
4037067,2,9,1,1,1,2,2,1,6,4,0,1,9,10,25000,25000
4408001,2,9,1,1,1,2,2,1,12,7,0,1,9,8,5000,5000
4493456,2,9,1,1,1,2,2,1,6,8,3,1,9,7,25000,25000
8530895,2,9,1,1,1,1,1,1,14,1,0,1,9,11,50000,50000
8255590,2,9,1,1,1,2,2,1,10,10,2,1,9,7,10250,10000
5970671,2,9,1,1,1,2,2,1,10,13,1,1,9,8,28000,28000
7806644,2,9,1,1,1,2,2,1,15,5,1,1,9,7,25000,25000
9028816,2,9,2,1,1,2,2,1,11,3,0,1,9,6,25000,25000
3202322,2,9,2,1,1,2,2,1,8,6,1,1,9,11,31000,4000
1762476,2,9,1,1,1,2,2,1,9,7,0,1,9,10,25000,25000
7796170,0,9,1,2,2,1,1,0,10,3,4,1,3,11,75000,75000
5478354,2,9,2,1,1,1,1,1,9,5,0,1,9,5,0,0
2027310,2,9,1,1,1,2,2,14,8,5,2,1,9,6,50000,50000
3723849,0,9,2,2,2,1,1,1,0,0,2,1,3,10,384199,384199
3905826,2,9,2,2,2,2,2,0,0,0,0,9,9,0,0,0
9713415,2,9,1,1,1,2,2,1,11,6,0,1,9,5,25000,25000
2105132,2,9,1,1,1,2,2,1,5,15,0,1,9,7,10000,10000
3881214,2,9,1,1,1,2,2,1,9,2,0,1,9,10,25000,25000
6225343,2,9,1,1,1,2,2,1,8,11,0,1,9,5,75000,75000
3237652,2,9,1,1,1,2,2,1,11,10,0,1,9,6,25000,25000
7737443,2,9,1,1,1,1,1,1,2,13,1,1,9,12,25000,25000
8333302,0,9,1,2,2,1,1,5,12,1,5,1,3,3,76500,76500
2293502,2,9,2,2,2,2,2,0,0,0,0,9,9,0,0,0
4121343,2,9,2,1,1,2,2,1,12,5,1,1,9,11,29000,29000
7466035,2,9,1,1,1,2,2,1,10,13,0,1,9,10,10000,10000
2809002,0,9,1,2,2,1,1,1,11,1,0,1,3,10,125000,125000
8073716,2,9,2,2,2,2,2,0,0,0,0,9,9,0,0,0
9271030,2,9,2,2,2,2,2,0,0,0,0,9,9,0,0,0
5919590,2,9,1,1,1,2,2,1,2,11,0,1,9,6,25000,25000
1298940,2,9,1,1,1,1,1,1,10,6,0,1,9,7,25000,25000
3425762,1,9,1,1,1,2,2,1,3,11,3,1,9,4,25000,25000
6873337,0,9,1,2,2,1,1,1,10,8,1,1,3,8,75000,75000
9550540,2,9,1,1,1,1,1,1,10,12,1,1,9,6,25000,25000
6141631,2,9,1,1,1,1,1,0,9,10,0,1,9,4,50000,50000
9344958,2,9,1,1,1,2,2,1,9,2,0,1,9,6,29000,29000
9138856,2,9,1,1,1,2,2,1,10,7,0,1,9,11,25000,25000
9437646,2,9,1,1,1,2,2,1,10,4,0,1,9,11,142050,142050
1507354,0,9,1,2,2,1,1,1,2,2,1,1,3,5,0,0
8574132,2,9,1,1,1,2,2,1,13,9,1,1,9,10,50000,50000
6062664,2,9,1,1,1,2,2,1,10,4,0,1,9,8,25000,25000
6365778,0,9,1,2,2,1,1,2,2,8,2,1,3,10,75000,75000
8512869,2,9,1,1,1,2,2,1,6,4,0,1,9,2,25000,25000
8580419,2,9,1,1,1,2,2,1,11,11,1,1,9,9,25000,25000
8862454,2,9,1,1,1,2,2,1,10,10,0,1,9,6,25000,25000
4624129,2,9,1,1,1,2,2,1,9,6,1,1,9,6,50000,50000
7653462,0,9,1,2,2,1,2,1,15,1,1,1,3,12,75000,75000
6127371,2,9,1,1,1,1,1,1,11,3,0,1,9,12,57250,57250
6629779,2,9,1,1,1,2,2,1,3,7,0,1,9,6,10000,10000
6719425,2,9,1,1,1,1,1,1,4,4,0,1,9,6,50000,50000
9204734,2,9,2,1,1,2,2,0,0,12,0,1,9,7,24000,24000
2968146,2,9,1,1,1,2,2,1,10,5,0,1,9,6,25000,25000
6615547,2,9,1,1,1,1,1,1,10,8,0,1,9,6,50000,50000
2333892,2,9,1,1,1,1,1,1,10,5,0,1,9,8,26000,26000
9115400,2,9,1,1,1,2,2,1,10,12,1,1,9,3,53867,53867
8580463,2,9,1,1,1,2,2,1,10,6,1,1,9,6,25000,25000
7165476,0,9,1,2,2,1,1,1,13,0,2,1,3,10,75000,75000
8920986,2,9,1,1,1,2,2,1,6,3,0,1,9,6,10000,10000
1460573,2,9,1,1,1,2,2,1,11,4,1,1,9,7,25000,25000
8621352,2,9,1,1,1,2,2,1,10,2,0,1,9,5,8000,8000
6194699,2,9,1,1,2,1,2,1,14,9,4,1,9,3,0,0
9886115,2,9,1,1,1,1,1,1,8,5,0,1,9,8,50000,50000
2242344,2,9,1,1,1,2,2,4,12,4,0,1,9,10,12000,12000
4462181,2,9,1,1,1,2,2,1,10,5,0,1,9,10,25000,25000
1392959,2,9,1,1,1,2,2,1,18,6,1,1,9,10,25000,25000
3821673,2,9,1,1,1,2,2,1,11,12,0,1,9,8,10000,10000
6508902,2,9,1,1,1,2,2,1,12,5,0,1,9,10,25000,25000
5076640,2,9,1,1,1,2,2,1,11,7,2,1,9,11,10000,10000
6087544,2,9,1,1,1,2,2,1,10,6,1,1,9,20,25000,25000
6088988,2,9,1,1,1,2,2,1,11,3,1,1,9,6,0,0
8635537,2,9,1,1,1,2,2,2,10,7,0,1,9,8,0,0
3161746,2,9,2,1,2,2,2,1,12,3,0,1,9,6,25000,25000
9695577,2,9,2,1,1,1,1,1,12,3,1,1,9,6,82250,82250
5556636,2,9,1,1,1,2,2,1,8,3,0,1,9,10,10000,10000
6414624,2,9,1,1,1,2,2,1,11,11,2,1,9,3,25000,25000
5891181,2,9,1,1,1,2,2,1,11,11,1,1,9,3,25000,25000
4493053,2,9,1,1,1,1,1,1,15,2,0,1,9,11,25250,25250
9393357,2,9,1,1,1,2,2,1,15,4,0,1,9,10,25000,25000
3267553,2,9,1,1,1,1,1,1,10,3,0,1,9,12,50000,50000
2082044,2,9,1,1,1,2,2,1,11,4,1,1,9,9,25000,25000
8976252,2,9,1,1,1,2,2,1,10,9,0,1,9,7,1050,1050
6531392,2,9,1,1,1,2,2,1,1,10,2,1,9,8,1050,1050
8791681,2,9,1,1,1,2,2,1,12,6,1,1,9,8,25000,25000
8185659,0,9,2,2,2,1,1,10,11,10,10,1,3,10,100000,100000
1720505,2,9,2,2,2,2,2,0,0,0,0,9,9,0,0,0
9753234,2,9,2,2,2,2,2,0,0,0,0,9,9,0,0,0
1345918,0,9,1,2,2,1,1,0,6,2,3,1,3,8,25000,25000
7495833,2,9,1,1,1,2,2,1,11,11,3,1,9,5,0,0
7402325,2,9,1,1,1,2,2,1,11,12,0,1,9,6,25000,25000
9283918,0,9,1,2,2,1,1,1,10,10,2,1,3,9,75000,75000
8467646,2,9,2,2,2,2,2,0,0,0,0,9,9,0,0,0
8742432,2,9,1,1,1,1,1,1,10,8,1,1,9,10,75000,75000
6106850,2,9,1,1,1,2,2,1,10,10,1,1,9,10,7220,7220
8187099,2,9,1,1,1,2,2,1,12,5,0,1,9,10,37000,37000
7336514,2,9,1,1,1,2,2,1,11,3,0,1,9,9,25000,25000
4990262,2,9,1,1,1,2,2,1,12,10,1,1,9,6,53500,53500
5589558,0,9,1,2,2,1,1,2,12,10,1,1,3,10,75000,75000
9670605,2,9,1,1,1,2,2,1,2,2,0,1,9,7,27000,27000
9680224,2,9,1,1,1,2,2,1,12,6,0,1,9,8,10000,10000
4991243,1,9,1,1,1,2,2,1,1,6,1,1,9,11,25200,25200
5183687,2,9,1,1,1,2,2,1,12,5,0,1,9,7,25000,25000
5947360,1,9,1,1,1,1,1,1,10,4,1,1,9,10,57085,57085
8726899,2,9,1,1,1,2,2,1,10,6,0,1,9,10,10000,10000
1374901,2,9,1,1,1,2,2,1,10,5,0,1,9,2,25000,25000
6834042,0,9,1,2,2,1,1,1,10,2,1,1,3,9,496000,496000
9878641,2,9,1,1,1,2,2,1,12,5,0,1,9,11,27000,27000
3303708,2,9,1,1,1,2,2,1,11,3,1,1,9,12,10000,10000
3632448,2,9,1,1,1,2,2,1,8,5,1,1,9,7,39500,39500
2228971,0,9,1,2,2,1,1,1,12,5,2,1,3,10,50000,50000
5817417,2,9,1,1,1,2,2,1,10,3,0,1,9,6,25000,25000
3086098,2,9,1,1,1,2,2,1,10,3,0,1,9,10,10000,10000
6640997,2,9,1,1,1,2,2,1,10,3,2,1,9,8,52000,52000
3140846,0,9,1,2,2,1,1,1,10,1,1,1,3,7,75000,75000
4187084,2,9,1,1,1,2,2,1,9,7,0,1,9,9,50000,50000
9329766,0,9,1,2,2,1,1,1,15,1,0,1,1,11,50000,50000
6415789,2,9,1,1,1,2,2,1,11,11,0,1,9,12,10500,10500
9294105,2,9,1,1,1,1,1,1,4,10,0,1,9,10,25000,25000
6946237,2,9,1,1,1,2,2,1,10,4,0,1,9,12,12500,12500
8784681,2,9,1,1,1,2,2,1,10,7,2,1,9,12,25000,25000
9289216,2,9,1,1,1,2,2,0,13,2,0,1,9,11,10000,10000
8634958,2,9,1,1,1,1,1,1,9,1,0,1,9,10,52000,52000
6739535,2,9,1,1,1,2,2,1,11,11,5,1,9,11,25000,25000
8487367,2,9,1,1,1,2,2,1,13,5,0,1,9,6,25000,25000
9487267,2,9,1,1,1,2,2,1,10,11,0,1,9,10,10000,10000
7625466,2,9,1,1,1,2,2,0,11,3,2,1,9,10,54500,54500
9972310,0,9,1,2,2,1,1,1,9,1,2,1,3,8,75000,75000
4332591,1,9,1,1,1,1,1,1,11,3,0,1,9,7,25000,25000
4419156,2,9,1,1,1,1,1,1,10,5,0,1,9,8,50000,50000
4254794,2,9,1,1,1,2,2,10,8,2,1,1,9,4,25000,25000
9336572,0,9,1,2,2,1,1,2,12,12,1,1,1,6,75000,75000
1801518,2,9,1,1,1,2,2,1,10,7,0,1,9,7,25000,25000
4849288,2,9,1,1,1,1,1,1,12,10,1,1,9,10,50000,50000
8469718,2,9,1,1,1,2,2,1,10,5,1,1,9,13,25000,25000
8565081,0,9,1,2,2,1,1,3,5,1,2,1,3,10,750000,75000
6735608,2,9,1,1,1,2,2,1,6,3,0,1,9,9,10000,10000
1781539,2,9,1,1,1,2,2,1,10,2,1,1,9,11,26000,26000
3323113,2,9,1,1,1,2,2,1,10,4,1,1,9,11,50000,50000
9823539,0,9,2,2,2,1,1,1,10,1,5,1,1,10,50000,50000
4653213,2,9,1,1,1,2,2,1,9,2,2,1,9,10,26185,26185
2746332,2,9,2,1,1,1,1,1,7,3,0,1,9,12,50000,50000
9507829,2,9,1,1,1,2,2,1,10,3,0,1,9,10,29000,29000
2231383,2,9,1,1,1,2,2,1,10,10,1,1,9,10,28500,28500
6803512,2,9,1,1,1,2,2,1,12,8,0,1,9,6,50000,50000
8444047,0,9,2,2,2,1,1,1,7,2,2,1,3,11,25000,25000
5426411,1,9,1,1,1,1,1,1,3,3,0,1,9,11,50000,50000
1906312,2,9,2,1,1,2,2,1,12,3,0,1,9,6,25000,25000
7244365,2,9,2,2,2,2,2,0,10,1,0,1,9,7,25000,25000
4474927,2,9,2,1,1,2,2,1,7,4,0,1,9,10,25000,25000
4068427,2,9,1,1,1,2,2,1,11,4,0,1,9,9,25000,25000
5991995,2,9,1,1,1,2,2,1,9,3,1,1,9,7,27250,27250
1212648,2,9,1,1,1,2,2,1,12,10,2,1,9,8,25000,25000
9755792,2,9,2,2,2,2,2,0,0,0,0,9,9,0,0,0
4818705,2,9,1,1,1,2,2,2,12,5,0,1,9,6,10000,10000
8692873,2,9,1,1,1,2,2,1,10,3,0,1,9,6,10000,10000
8343411,2,9,1,1,1,1,1,1,11,11,3,1,9,7,75000,75000
4884081,2,9,1,1,1,1,1,1,5,3,0,1,9,10,25000,25000
5295053,1,9,1,1,1,1,1,1,10,10,1,1,9,10,25000,25000
6941508,2,9,1,1,1,1,1,1,10,10,1,1,9,10,50000,50000
9763725,2,9,1,1,1,2,2,1,12,5,1,1,9,10,12000,12000
1235721,2,9,1,1,1,2,2,1,11,3,0,1,9,10,10800,10800
2743052,2,9,1,1,1,2,2,1,13,9,0,1,9,8,28000,28000
9485159,2,9,1,1,1,1,1,1,16,5,1,1,9,10,54000,54000
9646649,2,9,1,1,1,1,1,1,12,10,1,1,9,8,52000,52000
4368056,2,9,1,1,1,2,2,1,12,6,0,1,9,11,25000,25000
5600055,2,9,1,1,1,2,2,1,15,10,1,1,9,9,25000,25000
9854485,2,9,1,1,1,2,2,1,12,4,2,1,9,6,0,0
7313823,2,9,1,1,1,2,2,1,10,5,1,1,9,6,25000,25000
1135833,2,9,1,1,1,2,2,1,10,3,0,1,9,3,25000,25000
9832170,2,9,1,1,1,2,2,1,1,9,1,1,9,6,25600,25600
8315019,2,9,1,1,1,2,2,1,13,4,0,1,9,11,25000,25000
4407590,2,9,1,1,1,2,2,2,10,5,1,1,9,9,50000,50000
5706576,0,9,1,2,2,1,1,1,8,1,1,1,3,4,50000,50000
7991141,2,9,1,1,1,2,2,1,12,3,1,1,9,8,25000,25000
9922230,0,9,1,2,2,1,1,1,15,1,0,1,1,6,50000,50000
9017613,2,9,1,1,1,2,2,1,12,4,1,1,9,4,25000,25000
2421492,2,9,1,1,1,2,2,1,13,12,0,1,9,6,50500,50500
2815994,2,9,1,1,1,1,1,1,10,4,0,1,9,8,0,0
1512635,2,9,1,1,1,2,2,1,8,3,0,1,9,6,0,0
1167158,2,9,1,1,1,1,1,2,11,2,1,1,9,7,25000,25000
9101369,2,9,2,1,1,1,1,1,10,3,0,1,9,6,50000,50000
9374094,2,9,1,1,1,2,2,1,11,5,1,1,9,7,10000,10000
6007541,2,9,2,2,1,2,2,13,9,16,2,1,9,11,0,0
4180694,0,9,1,2,2,1,1,2,12,1,1,1,3,5,75000,75000
9599073,2,9,1,1,1,2,2,1,11,11,1,1,9,11,25000,25000
3306921,1,9,1,1,1,2,2,1,10,9,0,1,9,7,27000,27000
4159544,2,9,1,1,1,1,1,1,12,4,2,1,9,9,0,0
9739463,2,9,1,1,1,1,1,1,6,6,1,1,9,6,50000,50000
1744618,2,9,1,1,1,2,2,1,10,4,0,1,9,10,25000,25000
9727553,2,9,1,1,1,2,2,1,9,3,0,1,9,9,25000,25000
2901078,0,9,2,2,2,1,1,1,7,1,2,1,3,10,75000,75000
6038263,2,9,1,1,1,2,2,1,2,5,0,1,9,10,28500,28500
7822447,2,9,1,1,1,2,2,1,8,6,0,1,9,2,12500,12500
8807983,2,9,1,1,1,2,2,1,10,2,1,1,9,10,25000,25000
4798558,2,9,1,1,1,2,2,1,11,11,2,1,9,3,25000,25000
1711664,0,9,2,2,2,1,1,2,10,2,1,1,3,10,50000,50000
7404318,2,9,2,2,2,2,2,0,0,0,0,9,9,0,0,0
5091333,2,9,1,1,1,2,2,1,10,4,0,1,9,8,10000,9000
8057464,2,9,1,1,1,2,2,1,9,1,0,1,9,9,25000,25000
2320426,2,9,1,1,1,1,1,1,12,5,2,1,9,6,50000,50000
2402838,2,9,1,1,1,1,1,1,10,10,0,1,9,10,52000,52000
2191091,2,9,1,1,1,2,2,1,12,8,0,1,9,2,25000,25000
3431728,2,9,1,1,1,2,2,1,11,9,0,1,9,0,0,0
4938763,2,9,1,1,1,2,2,1,4,4,0,1,9,6,25000,25000
4138900,2,9,1,1,1,2,2,1,10,6,2,1,9,5,0,0
9961147,1,9,1,1,1,1,1,1,12,5,1,1,9,11,25254,25250
1590579,0,9,1,2,2,1,1,1,28,45,8,1,3,7,102000,102000
3229906,0,9,1,2,2,1,1,1,12,5,3,1,3,10,102000,102000
2689761,2,9,1,1,1,2,2,1,7,5,0,1,9,11,12000,12000
3164631,2,9,1,1,1,2,2,1,11,8,0,1,9,10,14500,14500
2554839,2,9,1,1,1,2,2,1,11,11,1,1,9,9,25000,25000
1452925,2,9,1,1,1,2,2,1,10,3,0,1,9,10,25866,25866
8466388,2,9,1,1,2,1,2,2,18,6,15,1,9,10,100000,100000
6466963,2,9,2,2,2,2,2,0,0,0,0,9,9,0,0,0
1971247,2,9,2,2,2,2,2,0,0,0,0,9,9,0,0,0
4628421,2,9,2,2,2,2,2,0,0,0,0,9,9,0,0,0
5814139,2,9,2,1,1,2,2,1,12,3,0,1,9,7,25000,25000
5358712,2,9,1,1,1,2,2,1,10,10,1,1,9,10,25000,25000
2448191,0,9,1,2,2,1,1,2,10,10,1,1,3,11,113040,113040
4487156,2,9,2,2,2,2,2,0,0,0,0,9,9,0,0,0
5771803,2,9,1,1,1,2,2,1,10,12,0,1,9,9,25500,25500
2007314,2,9,1,1,1,2,2,1,18,6,0,1,9,8,25000,25000
4655239,2,9,1,1,1,2,2,1,12,5,0,1,9,10,7000,7000
5408223,2,9,2,1,1,2,2,1,12,6,0,1,9,10,25000,25000
2511859,2,9,1,1,1,2,2,1,14,4,0,1,9,9,0,0
1985859,2,9,1,1,1,2,2,1,17,5,0,1,9,10,25000,25000
7368743,2,9,1,1,1,2,2,1,11,6,0,1,9,8,25000,25000
6384567,2,9,1,1,1,2,2,1,12,4,0,1,9,6,27500,27500
2267246,2,9,1,1,1,2,2,0,10,2,1,1,9,7,26000,26000
7492434,2,9,2,2,2,2,2,2,11,1,1,1,9,10,10000,10000
2468310,2,9,1,1,1,2,2,1,15,10,0,1,9,12,50000,50000
1593724,2,9,1,1,1,2,2,1,10,2,0,1,9,10,50000,50000
3068402,0,9,1,2,2,1,1,1,10,1,1,1,3,2,0,0
9689024,2,9,1,1,1,2,2,1,13,7,1,1,9,9,10570,10570
5329306,2,9,1,1,1,2,2,1,11,8,0,1,9,8,50000,5000
3781413,2,9,1,1,1,2,2,1,11,8,0,1,9,7,25000,25000
4005230,0,9,1,2,2,1,1,1,10,1,3,1,3,9,53000,53000
5922295,2,9,1,1,1,2,2,1,11,4,1,1,9,7,10000,10000
3702237,2,9,1,1,1,2,2,1,15,5,0,1,9,12,10000,10000
3844139,2,9,1,1,1,1,1,1,10,10,1,1,9,7,50000,50000
4041960,2,9,1,1,1,2,2,1,12,5,1,1,9,11,25000,25000
4279968,0,9,1,2,2,1,1,1,10,3,1,1,3,8,52000,52000
5668443,2,9,1,1,1,1,1,1,2,6,1,1,9,10,25000,25000
3833665,2,9,1,1,1,1,1,1,2,4,0,1,9,11,51000,51000
7111627,2,9,1,1,1,1,1,1,1,4,1,1,9,4,50000,50000
2348330,2,9,1,1,1,1,1,1,11,3,0,1,9,8,50000,50000
8544896,2,9,1,1,1,1,1,1,2,2,0,1,9,9,50000,50000
3463147,2,9,1,1,1,2,2,1,11,11,1,1,9,5,50000,50000
6564562,0,9,2,2,2,1,1,6,14,25,2,1,3,8,75000,75000
7600415,2,9,1,1,1,1,1,1,20,5,0,1,9,10,54000,54000
9919565,2,9,1,1,1,2,2,1,11,4,0,1,9,6,25000,25000
1411998,0,9,1,2,2,1,1,1,10,1,1,1,3,12,51000,51000
2243733,2,9,1,1,1,2,2,1,13,5,1,1,9,7,25000,25000
4026896,0,9,1,2,2,1,1,1,11,0,0,1,3,8,52000,52000
8431387,2,9,1,1,1,2,2,1,12,12,1,1,9,10,25000,25000
5126990,2,9,2,1,1,1,1,1,4,4,0,1,9,11,25000,25000
7049281,2,9,1,1,1,1,1,1,10,10,0,1,9,10,52000,52000
8453962,2,9,2,1,1,1,1,1,15,16,0,1,9,15,50000,50000
1319740,2,9,1,1,1,2,2,1,10,10,1,1,9,10,25000,25000
3492387,0,9,2,2,2,1,1,1,10,4,2,1,3,5,0,0
3373632,2,9,2,2,2,2,2,0,0,0,0,9,9,0,0,0
7229322,2,9,2,2,2,2,2,0,0,0,0,9,9,0,0,0
8212075,2,9,1,1,1,2,2,1,12,2,1,1,9,10,10000,10000
9463693,2,9,1,1,1,1,1,1,11,13,1,1,9,2,76000,76000
5573455,2,9,1,1,1,2,2,0,11,4,1,1,9,5,25000,25000
4056989,2,9,2,2,2,2,2,0,0,0,0,9,9,0,0,0
5954275,1,9,1,1,1,2,2,5,15,3,1,1,9,8,10000,10000
9510661,2,9,1,1,1,2,2,1,11,4,1,1,9,5,10200,10200
7501809,2,9,1,1,1,2,2,0,14,2,1,1,9,6,50000,50000
5093881,0,9,1,2,2,1,1,0,11,2,4,1,3,3,119500,119500
6452308,2,9,1,1,1,1,1,18,12,6,2,1,9,7,75000,75000
9244608,2,9,1,1,1,2,2,12,11,12,13,1,9,12,25600,25600
1992073,2,9,2,2,2,2,2,0,0,0,0,9,9,0,0,0
4734482,2,9,1,1,1,2,2,1,12,4,1,1,9,6,25000,25000
8007297,2,9,1,1,1,2,2,1,9,13,0,1,9,6,25000,25000
6260653,2,9,1,1,1,2,2,0,12,3,1,1,9,7,25000,25000
5457664,2,9,1,2,1,2,2,0,17,2,1,1,9,6,75000,75000
5432067,2,9,1,1,1,1,1,1,10,15,0,1,9,7,50000,50000
9791582,0,9,1,2,2,1,1,0,11,1,3,1,3,7,106000,106000
9328696,0,9,1,2,2,1,1,1,18,1,5,1,3,6,75000,75000
9676707,2,9,2,2,2,2,2,0,0,0,0,9,9,0,0,0
2118647,2,9,2,2,2,2,2,0,0,0,0,9,9,0,0,0
2863647,2,9,2,2,2,2,2,0,0,0,0,9,9,0,0,0
4687164,2,9,2,2,2,2,2,0,0,0,0,9,9,0,0,0
5730562,2,9,2,2,2,2,2,0,0,0,0,9,9,0,0,0
6385888,2,9,2,2,2,2,2,0,0,0,0,9,9,0,0,0
2209053,2,9,1,1,1,2,2,1,18,5,1,1,9,10,25500,25500
3242703,2,9,1,1,1,2,2,1,12,1,1,1,9,11,0,0
2693972,2,9,1,1,1,2,2,1,11,4,0,1,9,6,10000,10000
4558017,2,9,1,1,1,2,2,1,11,4,0,1,9,11,50000,50000
7487302,2,9,1,1,1,2,2,1,13,3,1,1,9,10,10000,10000
7709982,2,9,1,1,1,2,2,1,11,3,1,1,9,6,25000,25000
6847356,2,9,1,1,1,2,2,1,11,11,5,1,9,10,52000,52000
3414499,0,9,1,2,2,1,1,1,13,3,0,1,3,8,90000,90000
3601324,2,9,1,1,1,2,2,1,6,2,1,1,9,5,25000,25000
4802908,2,9,1,1,1,2,2,1,13,7,1,1,9,9,12500,12500
1548431,2,9,1,1,1,2,2,1,9,9,1,1,9,10,50000,50000
9928084,2,9,2,2,2,2,2,0,0,0,0,9,9,0,0,0
1607185,2,9,1,1,1,2,2,1,13,5,2,1,9,12,50000,50000
1229737,2,9,1,1,1,2,2,0,11,4,1,1,9,6,25000,25000
3392492,2,9,1,1,1,2,2,1,9,3,0,1,9,7,25000,25000
3441967,2,9,1,1,1,2,2,1,10,3,1,1,9,11,25000,25000
6797344,1,9,1,1,1,2,2,2,12,12,2,1,9,8,77000,77000
4332516,1,9,1,1,1,2,2,1,11,11,2,1,9,20,50000,50000
6230518,2,9,1,1,1,2,2,2,12,8,1,1,9,7,25000,25000
3449363,2,9,1,1,1,2,2,1,11,5,1,1,9,11,10000,10000
4574706,2,9,1,1,1,2,2,0,11,3,1,1,9,8,50000,50000
9763106,0,9,2,2,2,1,1,1,13,3,2,1,3,8,50000,50000
8303457,2,9,1,1,1,2,2,1,11,2,0,1,9,10,12000,12000
1066632,2,9,1,1,1,2,2,1,12,4,1,1,9,7,12500,12500
4195723,0,9,1,2,2,1,1,1,10,4,3,1,3,8,26080,26080
3961710,2,9,1,1,1,2,2,1,11,4,1,1,9,8,10600,10600
2659388,2,9,1,1,1,2,2,1,7,4,1,1,9,6,25000,25000
6451531,2,9,1,1,1,2,2,1,0,8,1,1,9,7,25000,25000
1210905,2,9,2,2,2,2,2,0,0,0,0,9,9,0,0,0
9369329,2,9,1,1,1,2,2,1,12,5,0,1,9,7,10000,10000
4864266,2,9,1,1,1,2,2,1,12,4,0,1,9,10,31020,31020
6585440,2,9,1,1,1,2,2,1,10,4,0,1,9,10,10000,10000
3138199,2,9,1,1,1,2,2,1,12,4,0,1,9,6,10000,10000
3903810,2,9,1,1,1,2,2,0,13,2,2,1,9,8,25000,25000
7397753,2,9,1,1,1,1,1,1,13,2,1,1,9,8,25000,25000
1498182,2,9,1,1,1,2,2,1,11,2,1,1,9,10,12000,12000
6496992,2,9,1,1,1,2,2,0,12,4,1,1,9,8,50000,50000
4431309,2,9,1,1,1,2,2,1,11,2,1,1,9,7,25000,25000
3988938,2,9,1,1,1,1,1,1,11,5,1,1,9,11,26200,26200
2921634,1,9,1,1,1,1,1,2,19,9,8,1,9,9,103000,103000
6066543,2,9,2,1,1,2,2,1,0,10,1,1,9,7,50000,50000
8406439,2,9,1,1,1,2,2,1,6,6,2,2,9,0,0,0
4792882,0,9,1,2,2,1,1,1,11,1,3,1,3,6,75000,75000
3903551,0,9,2,2,2,1,1,0,4,1,0,2,2,0,0,0
4430228,0,9,1,2,2,1,1,2,8,12,5,1,3,8,100000,100000
4812501,2,9,1,2,2,2,2,1,5,13,2,1,3,10,100000,100000
5483366,2,9,1,1,1,2,2,0,11,3,0,1,9,4,12500,12500
9347810,2,9,1,1,1,1,1,1,11,1,0,1,9,10,50000,50000
5343967,2,9,2,2,2,2,2,0,0,0,0,9,9,0,0,0
2543877,2,9,2,2,2,2,2,0,0,0,0,9,9,0,0,0
6312402,2,9,2,2,2,2,2,0,0,0,0,9,9,0,0,0
5606417,2,9,2,2,2,2,2,0,0,0,0,9,9,0,0,0
8758783,2,9,2,2,2,2,2,0,0,0,0,9,9,0,0,0
7325213,2,9,2,2,2,2,2,0,0,0,0,9,9,0,0,0
7982824,2,9,2,2,2,2,2,0,0,0,0,9,9,0,0,0
4069794,2,9,2,2,2,2,2,0,0,0,0,9,9,0,0,0
5651500,2,9,2,2,2,2,2,0,0,0,0,9,9,0,0,0
4738034,2,9,2,2,2,2,2,0,0,0,0,9,9,0,0,0
2259231,2,9,2,2,2,2,2,0,0,0,0,9,9,0,0,0
6432620,2,9,2,2,2,2,2,0,0,0,0,9,9,0,0,0
5068483,2,9,2,2,2,2,2,0,0,0,0,9,9,0,0,0
7020982,2,9,2,2,2,2,2,0,0,0,0,9,9,0,0,0
9620682,2,9,2,2,2,2,2,0,0,0,0,9,9,0,0,0
2288378,2,9,2,2,2,2,2,0,0,0,0,9,9,0,0,0
4792348,2,9,2,2,2,2,2,0,0,0,0,9,9,0,0,0
7274283,2,9,2,2,2,2,2,0,0,0,0,9,9,0,0,0
2442433,2,9,2,2,2,2,2,0,0,0,0,9,9,0,0,0
1301759,2,9,2,2,2,2,2,0,0,0,0,9,9,0,0,0
6848299,2,9,2,2,2,2,2,0,0,0,0,9,9,0,0,0
8024821,2,9,2,2,2,2,2,0,0,0,0,9,9,0,0,0
4601620,2,9,2,2,2,2,2,0,0,0,0,9,9,0,0,0
8243728,2,9,2,2,2,2,2,0,0,0,0,9,9,0,0,0
2001501,2,9,2,2,2,2,2,0,0,0,0,9,9,0,0,0
4900350,2,9,2,2,2,2,2,0,0,0,0,9,9,0,0,0
7808361,2,9,2,2,2,2,2,0,0,0,0,9,9,0,0,0
9095220,2,9,2,2,2,2,2,0,0,0,0,9,9,0,0,0
1694174,2,9,1,1,1,2,2,0,0,7,1,1,9,10,25000,25000
2950738,0,9,1,2,2,1,1,1,12,2,4,1,1,10,100000,100000
2328435,2,9,2,2,2,2,2,0,0,0,0,9,9,0,0,0
9988185,2,9,2,1,1,1,1,0,0,4,1,1,9,7,75000,75000
8478256,0,9,1,2,2,1,1,6,11,3,3,1,3,6,75000,75000
1179620,2,9,2,2,2,2,2,0,0,0,0,9,9,0,0,0
8446865,2,9,2,2,2,2,2,0,0,0,0,9,9,0,0,0
3547977,2,9,2,2,2,2,2,0,0,0,0,9,9,0,0,0
1508948,2,9,2,2,2,2,2,0,0,0,0,9,9,0,0,0
4134395,2,9,2,2,2,2,2,0,0,0,0,9,9,0,0,0
9481347,2,9,2,2,2,2,2,0,0,0,0,9,9,0,0,0
3359707,2,9,2,2,2,2,2,0,0,0,0,9,9,0,0,0
5843336,2,9,2,2,2,2,2,0,0,0,0,9,9,0,0,0
3806912,2,9,1,1,1,2,2,1,8,5,0,1,9,12,25000,25000
6476087,2,9,1,1,1,2,2,1,11,3,0,1,9,8,25000,25000
6267817,2,9,1,1,1,2,2,1,12,3,0,1,9,10,10000,10000
1605680,2,9,1,1,1,2,2,1,11,3,0,1,9,5,10000,10000
7888518,2,9,1,1,1,2,2,1,15,3,2,1,9,9,25000,25000
1350457,2,9,1,1,1,2,2,1,11,2,1,1,9,4,25000,25000
5665560,2,9,1,1,1,1,1,1,14,5,2,1,9,6,50000,50000
9045791,2,9,1,1,1,2,2,1,10,2,1,1,9,7,25000,25000
5719706,2,9,2,2,2,2,2,0,0,0,0,9,9,0,0,0
6485742,2,9,1,1,1,2,2,1,13,5,1,1,9,4,26000,26000
8639394,2,9,1,1,1,2,2,1,11,3,0,1,9,12,25000,25000
1902274,1,9,1,1,1,2,2,1,10,3,1,1,9,12,10000,10000
5113283,1,9,1,1,1,1,1,1,10,3,2,1,9,12,50000,50000
6896672,2,9,1,1,1,2,2,1,10,4,0,1,9,8,25000,25000
8197313,0,9,1,2,2,1,1,0,9,0,0,1,3,10,75000,75000
8181941,2,9,1,1,1,2,2,1,12,3,1,1,9,12,25000,25000
7129594,2,9,1,1,1,1,1,1,11,3,1,1,9,5,25000,25000
9051960,1,9,1,1,1,2,2,1,11,6,0,1,9,8,25000,25000
6308168,2,9,1,1,1,2,2,1,11,4,1,1,9,8,13500,13500
1737959,2,9,1,1,1,2,2,1,8,4,1,1,9,8,25000,25000
8099990,2,9,1,1,1,2,2,1,11,2,0,1,9,8,12500,12500
8816652,0,9,1,2,2,1,1,1,13,4,7,1,1,8,83000,83000
1992074,2,9,1,1,1,2,2,0,17,7,1,1,9,7,75000,75000
3105037,2,9,1,1,1,2,2,1,15,5,1,1,9,6,5000,5000
9401344,2,9,1,1,1,2,2,1,16,16,1,1,9,7,50000,50000
2288532,2,9,1,1,1,2,2,1,15,15,0,1,9,8,25000,25000
1144150,2,9,1,1,1,1,1,1,15,15,0,1,9,11,50500,50500
6617309,0,9,1,2,2,1,1,1,14,1,6,1,3,7,75000,75000
6982445,2,9,2,2,2,2,2,0,0,0,0,9,9,0,0,0
7377253,2,9,2,2,2,2,2,0,0,0,0,9,9,0,0,0
1135119,2,9,2,2,2,2,2,0,0,0,0,9,9,0,0,0
1484270,2,9,2,2,2,2,2,0,0,0,0,9,9,0,0,0
1015180,2,9,1,1,1,2,2,1,11,2,0,1,9,6,10000,10000
6638919,1,9,1,1,1,2,2,1,0,10,2,1,9,6,25000,25000
2689061,2,9,1,1,1,2,2,1,12,5,0,1,9,8,75000,75000
3807524,0,9,2,2,2,1,1,13,9,4,0,1,3,0,119500,119500
3978705,2,9,2,2,2,2,2,0,0,0,0,9,9,0,0,0
1667297,2,9,1,1,1,2,2,1,10,10,2,1,9,8,75000,75000
3892529,2,9,1,1,1,1,1,1,11,11,2,1,9,7,50000,50000
1119384,2,9,1,1,1,2,2,1,11,2,2,1,9,7,75000,75000
5258206,2,9,1,1,1,2,2,1,13,7,0,1,9,5,25000,25000
6528458,0,9,2,2,2,1,1,2,1,18,2,1,1,8,75000,75000
1873768,2,9,2,2,2,2,2,0,0,0,0,9,9,0,0,0
6909303,2,9,1,1,1,2,2,1,10,6,1,1,9,4,10000,10000
2172647,2,9,1,1,1,2,2,1,15,14,0,1,9,8,25000,25000
8063589,2,9,2,1,1,2,2,0,12,0,3,1,9,20,50000,50000
7644034,2,9,2,1,1,2,2,1,11,4,1,1,9,8,50000,50000
1974064,0,9,1,2,2,1,1,1,13,5,3,1,1,9,88195,88195
8837845,2,9,2,2,2,2,2,0,0,0,0,9,9,0,0,0
3891883,2,9,2,2,2,2,2,0,0,0,0,9,9,0,0,0
8040071,2,9,2,2,2,2,2,0,0,0,0,9,9,0,0,0
5283969,2,9,2,2,2,2,2,0,0,0,0,9,9,0,0,0
4891840,2,9,1,1,1,2,2,1,10,2,0,1,9,6,25000,25000
7446147,2,9,2,1,1,2,2,1,12,4,1,1,9,7,25000,25000
1195504,2,9,1,1,1,2,2,0,12,2,1,1,9,8,25000,25000
6952609,1,9,1,1,1,2,2,1,15,5,2,1,9,6,10000,10000
3137428,2,9,1,1,1,1,1,1,15,2,2,1,9,10,50000,50000
1931312,2,9,2,2,2,2,2,0,0,0,0,9,9,0,0,0
9725639,2,9,1,1,1,1,1,1,11,3,3,1,9,7,50000,50000
3170050,2,9,1,1,1,2,2,1,11,1,1,1,9,9,25000,25000
5119165,2,9,1,1,1,2,2,2,11,2,1,1,9,10,5000,5000
1395244,2,9,2,2,2,2,2,0,0,0,0,9,9,0,0,0
2990273,1,9,1,1,1,2,2,1,13,7,4,1,9,4,62000,62000
6426830,0,9,2,2,2,1,1,5,5,10,5,1,1,15,75000,75000
1814927,2,9,1,1,1,2,2,1,10,6,1,1,9,6,10000,10000
8147933,2,9,1,1,1,2,2,1,1,11,0,1,9,6,50000,50000
1003440,2,9,1,1,1,2,2,1,11,11,1,1,9,6,25000,25000
1436979,2,9,1,1,1,1,1,0,3,3,1,1,9,5,75000,75000
3933082,2,9,1,1,1,2,2,1,9,11,0,1,9,5,25000,25000
8619567,2,9,1,1,1,2,2,1,11,4,0,1,9,6,12700,12700
3583322,2,9,2,2,2,2,2,0,0,0,0,9,9,0,0,0
7209842,2,9,1,1,1,2,2,1,11,5,2,1,9,5,10000,10000
7021084,2,9,1,1,1,2,2,1,11,5,1,1,9,7,10000,10000
1324882,2,9,1,1,1,2,2,0,9,12,0,1,9,10,25000,25000
2756928,2,9,1,1,1,2,2,1,12,0,1,1,9,6,25000,25000
5286139,2,9,2,1,1,2,2,1,11,1,0,1,9,10,10000,10000
6054453,1,9,1,1,1,2,2,1,11,5,1,1,9,5,25000,25000
8673480,2,9,1,1,1,2,2,1,12,1,1,1,9,8,25000,25000
4333684,0,9,1,2,2,1,1,1,1,12,2,1,3,8,50000,50000
8559108,2,9,2,1,1,1,1,1,14,2,1,1,9,6,50000,50000
9347612,2,9,1,1,1,2,2,1,11,13,1,1,9,6,26000,26000
4436099,2,9,1,1,1,2,2,1,14,6,0,1,9,7,10000,10000
9544172,2,9,2,2,2,2,2,0,0,0,0,9,9,0,0,0
2306581,2,9,2,2,2,2,2,0,0,0,0,9,9,0,0,0
3403542,2,9,1,1,1,2,2,1,12,3,2,1,9,6,10000,10000
3852829,2,9,1,1,1,2,2,1,12,13,0,1,9,8,75000,75000
5880848,2,9,1,1,1,2,2,1,13,4,0,1,9,6,25000,25000
8381012,2,9,2,2,2,2,2,0,0,0,0,9,9,0,0,0
5872968,2,9,2,2,2,2,2,0,0,0,0,9,9,0,0,0
6171266,2,9,1,1,1,2,2,1,6,29,0,1,9,5,75000,75000
8711221,0,9,2,2,2,1,2,1,9,9,1,1,1,10,0,0
8928083,2,9,2,1,1,1,1,1,11,2,1,1,9,10,75000,75000
2976796,2,9,2,2,2,2,2,0,0,0,0,9,9,0,0,0
3145548,2,9,1,1,1,1,1,0,13,4,3,1,9,8,75000,75000
1810946,2,9,1,1,1,1,1,0,12,2,1,1,9,8,75000,75000
1700888,2,9,2,2,2,2,2,0,0,0,0,9,9,0,0,0
7210326,2,9,2,1,1,1,1,0,11,5,0,1,9,5,50000,50000
1212570,1,9,1,1,1,1,1,0,11,6,3,1,9,5,51885,51885
9383672,2,9,2,2,2,2,2,0,0,0,0,9,9,0,0,0
5267485,2,9,2,2,2,2,2,0,0,0,0,9,9,0,0,0
1767960,2,9,1,1,1,1,1,1,11,5,3,1,9,9,25000,25000
7164676,2,9,2,2,2,2,2,0,0,0,0,9,9,0,0,0
3491210,2,9,1,1,1,2,2,1,19,4,1,1,9,7,50000,50000
9955143,2,9,2,2,2,2,2,0,0,0,0,9,9,0,0,0
2666911,0,9,1,2,2,1,1,1,13,3,2,1,3,6,75000,75000
3120597,2,9,1,1,1,1,1,3,10,5,2,1,9,5,27500,27500
7773730,2,9,1,1,1,1,1,1,12,4,0,1,9,6,52000,52000
5192281,2,9,1,1,1,2,2,1,13,3,1,1,9,4,52000,52000
5736339,2,9,1,1,1,2,2,1,12,2,0,1,9,11,10000,10000
4929283,0,9,2,2,2,2,2,1,12,0,1,1,3,21,51000,51000
2058169,2,9,1,1,1,1,1,1,13,7,1,1,9,10,30000,30000
7266639,2,9,1,1,1,2,2,1,15,3,2,1,9,5,25000,25000
2770426,0,9,1,2,2,1,1,0,16,3,1,1,3,7,51000,51000
7734990,2,9,1,1,1,1,1,0,13,4,1,1,9,8,25000,25000
4090445,2,9,2,2,2,2,2,0,0,0,0,9,9,0,0,0
6976509,2,9,1,1,1,2,2,1,11,5,1,1,9,5,25000,25000
4339945,2,9,1,1,1,2,2,1,11,4,0,1,9,6,25000,25000
2638114,2,9,1,1,1,2,2,1,11,7,0,1,9,7,10000,10000
4158094,2,9,1,1,1,2,2,0,13,5,1,1,9,9,50000,50000
9778332,2,9,1,1,1,2,2,0,0,4,0,1,9,6,25000,25000
7377370,2,9,1,1,1,2,2,1,11,9,1,1,9,5,25000,25000
6409837,0,9,2,2,2,1,1,0,0,13,3,1,3,8,52000,52000
2575129,2,9,1,1,1,2,2,0,11,1,0,1,9,7,10000,10000
3241806,2,9,1,1,1,2,2,1,7,7,1,1,9,11,13500,13500
4580223,0,9,1,2,2,1,1,1,5,8,4,1,3,10,50000,50000
2947274,2,9,1,1,1,2,2,1,14,8,2,1,9,8,10000,10000
6098139,2,9,1,1,1,2,2,0,10,4,1,1,9,8,25000,25000
7941077,0,9,1,2,2,1,1,0,12,0,0,1,3,10,43000,43000
8466613,2,9,1,1,1,2,2,3,10,3,0,1,9,12,10000,10000
2132835,2,9,1,1,1,2,2,13,10,3,0,1,9,11,39500,39500
3791935,1,9,1,1,1,2,2,14,11,5,0,1,9,8,25000,25000
1747492,2,9,1,1,1,2,2,1,16,4,0,1,9,7,25000,25000
3310329,2,9,1,1,1,2,2,0,9,5,1,1,9,9,11000,11000
8863732,2,9,2,2,2,2,2,0,0,0,0,9,9,0,0,0
6118341,2,9,1,1,1,2,2,1,17,5,1,1,9,6,25000,25000
7840056,2,9,1,1,1,2,2,1,6,4,1,1,9,9,10000,10000
1328782,2,9,1,1,1,2,2,1,6,11,1,1,9,8,25000,25000
5928186,2,9,1,1,1,2,2,1,9,3,0,1,9,8,26000,26000
9530578,0,9,1,2,2,1,1,4,7,4,1,1,3,8,94500,94500
2586588,2,9,1,1,1,2,2,0,8,3,1,1,9,10,26000,26000
1281135,2,9,2,2,2,2,2,0,0,0,0,9,9,0,0,0
1842981,2,9,1,1,1,2,2,1,10,3,0,1,9,6,11000,11000
4163123,2,9,1,1,1,2,2,1,18,8,1,1,9,16,75000,75000
4607487,2,9,1,1,1,2,2,1,10,1,1,1,9,8,26000,26000
6457357,2,9,1,1,1,2,2,1,11,2,0,1,9,8,50000,50000
7645221,2,9,1,1,1,2,2,1,14,3,0,2,9,0,0,0
1245995,2,9,1,1,1,1,1,1,14,10,3,1,9,14,50000,50000
9311640,0,9,1,2,2,1,1,1,15,2,2,1,1,7,100000,100000
2679847,0,9,2,2,2,1,1,1,12,3,0,2,1,0,0,0
2709794,0,9,2,2,2,1,1,10,20,0,10,1,3,12,75000,75000
6212245,2,9,2,2,2,2,2,0,0,0,0,9,9,0,0,0
7485498,2,9,2,2,2,2,2,0,0,0,0,9,9,0,0,0
3712750,2,9,2,2,2,2,2,0,0,0,0,9,9,0,0,0
1739518,0,9,1,2,2,1,1,2,15,10,8,1,9,10,145000,145000
6718059,2,9,2,2,2,2,2,0,0,0,0,9,9,0,0,0
1096718,2,9,2,2,2,2,2,0,0,0,0,9,9,0,0,0
9363818,2,9,1,1,1,2,2,1,10,9,0,1,9,7,25000,25000
6514462,2,9,2,2,2,2,2,0,0,0,0,9,9,0,0,0
4419835,2,9,2,2,2,2,2,0,0,0,0,9,9,0,0,0
1180617,2,9,2,2,2,2,2,0,0,0,0,9,9,0,0,0
5414817,2,9,1,1,1,2,2,12,7,4,1,1,9,6,25000,25000
9423700,2,9,1,1,1,1,1,1,10,5,2,1,9,10,2000,2000
4793364,2,9,1,1,1,2,2,0,5,5,0,1,9,8,12500,12500
8371731,2,9,1,1,1,2,2,1,8,3,0,1,9,8,25000,25000
3674020,2,9,1,1,1,2,2,1,13,3,0,1,9,8,5000,5000
1855483,2,9,1,1,1,2,2,1,11,3,0,1,9,6,50000,50000
9534958,0,9,1,2,2,1,1,1,1,12,1,1,3,8,50000,50000
3155756,2,9,1,1,1,2,2,0,9,4,0,1,9,7,25600,25600
5059885,2,9,1,1,1,2,2,1,8,2,0,1,9,10,25000,25000
3331254,2,9,1,1,1,1,1,0,8,2,0,1,9,10,53000,53000
8854846,1,9,1,1,1,1,1,1,10,10,1,1,9,6,25000,25000
7648291,2,9,1,1,1,2,2,0,5,3,0,1,9,6,10000,10000
2311679,2,9,1,1,1,2,2,1,16,4,1,1,9,6,25000,25000
9935391,0,9,1,2,2,1,1,1,16,4,1,1,3,8,79000,79000
1834284,2,9,1,1,1,1,1,1,15,4,0,1,9,10,51000,51000
6557348,2,9,1,1,1,2,2,1,5,7,0,1,9,8,0,0
2664444,2,9,1,1,1,2,2,0,0,4,0,1,9,0,0,0
4839496,2,9,1,1,1,1,1,1,11,7,2,1,9,10,42000,42000
4842493,2,9,1,1,1,2,2,1,0,4,0,1,9,8,12500,12500
1655615,2,9,1,1,1,1,1,1,8,4,0,1,9,7,25000,25000
7577271,2,9,1,1,1,1,1,1,16,4,0,1,9,6,25000,25000
3130017,2,9,1,1,1,2,2,1,10,10,1,1,9,8,250000,250000
1096090,2,9,2,1,1,2,2,1,11,5,1,1,9,10,25000,25000
3758239,2,9,1,1,1,2,2,0,11,4,0,1,9,6,25000,25000
7644750,2,9,1,1,1,1,1,0,6,5,0,1,9,6,105000,105000
9064492,2,9,1,1,1,2,2,1,5,19,0,1,9,11,25000,25000
4371589,2,9,1,1,1,2,2,1,10,4,0,1,9,8,50000,50000
5625303,2,9,1,1,1,2,2,1,10,3,0,1,9,7,25000,25000
7010299,1,9,1,1,1,2,2,1,10,8,0,1,9,9,50000,50000
8385589,2,9,1,1,1,2,2,0,11,2,0,1,9,11,25000,25000
3786923,2,9,1,1,1,2,2,1,11,8,1,1,9,8,10000,0
4289620,2,9,1,1,1,2,2,1,11,1,0,1,9,6,25000,25000
9447917,2,9,1,1,1,2,2,0,10,4,0,1,9,7,50000,50000
4061103,2,9,1,1,1,2,2,1,11,4,0,1,9,6,10270,10270
9955991,2,9,1,1,1,2,2,6,6,5,0,1,9,11,83000,83000
7273657,2,9,1,1,1,2,2,10,6,4,0,1,9,11,55000,55000
9321189,2,9,1,1,1,1,1,17,10,11,0,1,9,9,50000,50000
3644551,0,9,1,2,2,1,1,0,11,0,5,1,3,10,75000,75000
5516459,0,9,2,2,2,1,1,1,10,10,12,1,3,6,100000,100000
2954910,2,9,1,1,1,2,2,4,11,4,1,1,9,8,10000,10000
9558902,2,9,1,1,1,2,2,1,10,7,0,1,9,8,25000,25000
6147115,2,9,2,2,2,2,2,0,0,0,0,9,9,0,0,0
9919085,0,9,1,2,2,1,1,0,12,2,4,1,3,10,75000,75000
3029750,2,9,2,2,2,2,2,0,0,0,0,9,9,0,0,0
3657227,2,9,1,1,1,2,2,1,10,5,1,1,9,7,10000,10000
6574637,2,9,1,1,1,2,2,1,10,2,0,1,9,10,25000,25000
9190903,2,9,1,1,1,2,2,1,12,3,0,1,9,12,25000,25000
3448449,2,9,1,1,1,2,2,0,11,4,0,1,9,10,10000,10000
1202264,1,9,1,1,1,1,1,1,16,2,1,1,9,6,105000,105000
5221476,2,9,2,2,2,2,2,0,0,0,0,9,9,0,0,0
7616025,2,9,1,1,1,2,2,0,7,5,3,1,9,7,50000,50000
7478071,0,9,1,2,2,1,1,1,6,0,4,1,3,7,65000,65000
3536217,2,9,1,1,1,2,2,1,11,5,1,1,9,7,25000,25000
7124805,2,9,1,1,1,2,2,1,8,3,0,1,9,9,50000,50000
8725776,0,9,1,2,2,1,1,1,10,0,2,1,1,8,70000,70000
5658208,2,9,1,1,1,2,2,1,7,6,1,1,9,6,11000,11000
6506351,2,9,1,1,1,2,2,1,8,3,0,1,9,8,0,0
8826458,2,9,1,1,1,2,2,0,9,5,0,1,9,10,10000,10000
3653564,2,9,1,1,1,2,2,1,10,5,1,1,9,10,25000,25000
5000558,2,9,1,1,1,2,2,1,6,3,1,1,9,6,12500,12500
3475395,2,9,1,1,1,2,2,1,10,10,0,1,9,11,25000,25000
9020386,2,9,1,1,1,2,2,1,12,2,1,1,9,8,27000,27000
1444286,2,9,1,1,1,2,2,0,8,2,0,1,9,3,25600,25600
2827011,2,9,1,1,1,2,2,1,10,5,0,1,9,7,25000,25000
4382109,2,9,1,1,1,2,2,1,12,3,0,1,9,10,50000,50000
1653827,2,9,1,1,1,2,2,1,11,7,1,1,9,4,25000,25000
7765036,2,9,1,1,1,2,2,0,11,5,2,1,9,11,25000,25000
8407029,0,9,1,2,2,1,1,2,8,0,0,1,3,7,0,0
1180699,2,9,1,1,1,2,2,1,12,4,0,1,9,11,25000,25000
4705552,2,9,1,1,1,1,1,1,8,3,0,1,9,10,25000,25000
4029335,2,9,1,1,1,1,1,1,10,5,2,1,9,7,68000,68000
4339167,2,9,1,1,1,1,1,1,9,5,0,1,9,8,50000,50000
4241653,2,9,1,1,1,2,2,0,10,3,0,1,9,11,25500,25500
5787238,2,9,1,1,1,1,1,1,0,4,1,1,9,0,50000,50000
1587516,2,9,1,1,1,2,2,1,10,3,1,1,9,8,11000,11000
4252163,2,9,1,1,1,2,2,0,9,3,1,1,9,9,25000,25000
6321173,2,9,1,1,1,2,2,0,10,3,0,1,9,7,10000,10000
9616656,2,9,1,1,1,1,1,0,10,5,1,1,9,11,40000,40000
8522881,2,9,1,1,1,2,2,2,3,7,1,1,9,11,26000,26000
4016525,2,9,1,1,1,2,2,1,12,5,0,1,9,7,50000,50000
7633684,1,9,1,1,1,2,2,3,2,3,1,1,9,6,25003,0
2108674,2,9,2,1,1,2,2,1,16,4,1,1,9,7,25000,25000
5990926,2,9,1,1,1,2,2,1,16,4,0,1,9,4,25000,25000
9367522,2,9,1,1,1,2,2,1,8,1,0,1,9,11,10000,10000
2893463,1,9,1,1,1,2,2,1,12,2,0,1,9,9,25000,25000
3784092,2,9,1,1,1,1,1,1,12,3,1,1,9,7,50000,50000
8304450,2,9,1,1,1,2,2,0,5,3,0,1,9,6,26000,26000
6994409,2,9,1,1,1,2,2,1,12,10,0,1,9,8,26000,26000
7071310,2,9,1,1,1,2,2,1,7,2,0,1,9,10,77000,77000
3399180,2,9,1,1,1,1,1,2,5,3,0,1,9,8,25000,25000
9294852,0,9,1,2,2,2,1,1,2,2,2,1,1,20,149500,149500
1099390,0,9,2,2,2,1,1,1,20,1,4,1,3,8,100000,100000
8941611,2,9,1,1,1,2,2,1,12,12,1,1,9,4,27000,27000
7305312,2,9,2,2,2,2,2,0,0,0,0,9,9,0,0,0
4623818,2,9,1,1,1,2,2,1,16,4,0,1,9,6,10000,10000
1212505,2,9,1,1,1,2,2,1,15,4,1,1,9,6,10200,10200
4705297,2,9,1,1,1,2,2,1,10,5,0,1,9,7,50000,50000
2693700,2,9,1,1,1,1,1,1,16,6,0,1,9,6,50000,50000
5159772,1,9,1,1,1,2,2,1,16,4,1,1,9,10,25000,25000
8165569,2,9,1,1,1,2,2,0,9,4,0,1,9,8,10000,10000
4359493,2,9,1,1,1,2,2,1,8,3,0,1,9,9,25000,25000
1593807,2,9,1,1,1,1,1,2,11,4,1,1,9,7,67000,67000
5494348,2,9,1,1,1,2,1,1,12,5,5,1,9,7,25000,25000
8371676,2,9,1,1,1,1,1,1,12,5,5,1,9,4,75000,75000
8887585,2,9,1,1,1,2,2,1,1,3,0,1,9,8,5000,5000
4808005,2,9,1,1,1,2,2,1,8,4,0,1,9,8,25000,25000
4258298,2,9,1,1,1,1,1,1,10,6,0,1,9,11,50000,50000
2728138,2,9,1,1,1,2,2,1,8,2,0,1,9,9,12500,12500
9101266,2,9,1,1,1,2,2,1,9,5,0,1,9,10,33000,33000
8905502,0,9,2,2,2,1,1,1,1,10,2,1,3,4,0,0
4704671,2,9,1,1,1,1,1,1,8,3,0,1,9,9,50000,50000
9850160,2,9,1,1,1,1,1,1,12,5,5,1,9,8,50000,50000
9083060,1,9,1,1,1,2,2,1,12,4,0,1,9,10,25000,25000
2584221,2,9,1,1,1,1,1,0,10,2,0,1,9,8,50000,50000
3846598,2,9,1,1,1,2,2,1,9,3,0,1,9,8,25000,25000
5142678,0,9,1,2,2,1,1,1,3,3,1,1,3,9,37500,37500
8263053,2,9,1,1,1,1,1,0,8,1,0,1,9,10,25000,25000
2021558,2,9,1,1,1,2,2,1,8,2,0,1,9,10,25000,25000
6792648,2,9,1,1,1,2,2,1,4,4,0,1,9,8,25000,25000
6024236,1,9,1,1,1,1,1,0,11,3,0,1,9,11,50000,50000
3514969,2,9,1,1,1,2,2,0,10,5,1,1,9,7,10000,10000
6776363,2,9,1,1,1,2,2,0,12,4,1,1,9,6,25000,25000
3512964,2,9,1,1,1,1,1,1,8,4,2,1,9,11,50000,50000
8509743,2,9,1,1,1,2,2,1,14,5,1,1,9,6,25000,25000
6443668,2,9,1,1,1,2,2,1,5,5,1,1,9,8,7000,7000
4366006,2,9,1,1,1,2,2,1,11,10,2,1,9,9,25000,25000
5202792,0,9,1,2,2,1,1,1,11,0,0,1,3,8,75000,75000
2635758,2,9,1,1,1,2,2,1,10,5,0,1,9,7,25000,25000
4741260,0,9,1,2,2,1,1,0,8,1,0,1,3,7,50000,50000
4342203,2,9,1,1,1,1,1,1,11,5,0,1,9,8,50000,50000
5011805,2,9,1,1,1,1,1,1,11,2,1,1,9,6,50000,50000
7576582,1,9,1,1,1,1,1,0,18,10,0,1,9,7,105000,105000
6678348,2,9,2,1,1,1,1,1,5,4,0,1,9,8,50000,50000
9847681,2,9,1,1,1,2,2,0,8,4,0,1,9,6,25000,25000
4246238,2,9,1,1,1,2,2,1,12,1,0,1,9,8,27000,27000
6966161,1,9,1,1,1,2,2,1,12,12,0,1,9,8,10500,10500
6319353,2,9,1,1,1,2,2,1,7,1,0,1,9,4,25000,25000
8374438,0,9,1,2,2,1,1,1,8,0,1,1,1,7,50000,50000
8559117,1,9,1,1,1,1,1,1,2,7,0,1,9,9,25000,25000
9877004,0,9,2,2,2,1,1,0,4,4,3,2,2,0,0,0
6349474,2,9,1,1,1,2,2,1,12,2,1,1,9,6,25000,25000
1376198,2,9,1,1,1,2,2,1,12,8,0,1,9,11,25000,25000
2453583,2,9,1,1,1,1,1,1,12,12,0,1,9,5,50000,50000
6990123,2,9,1,1,1,2,2,1,12,2,1,1,9,8,5000,5000
7628332,2,9,1,1,1,2,2,1,9,4,0,1,9,8,10000,10000
5816790,2,9,1,1,1,2,2,1,8,4,0,1,9,7,10000,10000
8316280,1,9,1,1,1,2,2,1,8,5,0,1,9,8,10000,10000
2697425,0,9,2,2,2,1,1,1,12,8,1,1,3,8,50000,50000
4786009,2,9,1,1,1,2,2,1,8,3,0,1,9,7,10000,10000
5922696,0,9,1,2,2,1,1,20,13,10,2,1,3,11,75000,75000
1008656,2,9,1,1,1,2,2,1,11,5,0,1,9,6,25000,25000
3922830,2,9,1,1,1,2,2,0,11,2,1,1,9,7,25000,25000
4990797,2,9,1,1,1,1,1,1,7,5,0,1,9,6,25000,25000
5711222,2,9,1,1,1,1,1,1,15,2,2,1,9,7,50000,50000
1137629,2,9,1,1,1,2,2,1,0,1,0,1,9,11,10000,10000
1279649,2,9,1,1,1,1,1,1,11,6,1,1,9,9,50000,50000
2262477,2,9,1,1,1,2,2,1,10,10,2,1,9,10,25000,25000
4386880,2,9,1,1,1,2,2,1,10,10,2,1,9,10,25000,25000
2943316,2,9,2,1,1,2,2,1,12,6,1,1,9,11,25000,25000
9739797,2,9,1,1,1,1,1,0,10,5,0,1,9,5,50000,50000
5763398,2,9,1,1,1,2,2,0,12,4,1,1,9,6,50000,50000
6277262,2,9,1,1,1,2,2,1,10,2,0,1,9,8,12000,12000
7528180,0,9,1,2,2,1,1,0,20,0,5,1,3,10,100000,100000
7106597,2,9,1,1,1,1,1,1,11,1,0,1,9,8,25000,25000
9586661,2,9,1,1,1,2,2,1,12,9,0,1,9,5,10000,10000
5032494,2,9,1,1,1,2,2,0,11,0,0,1,9,8,25000,25000
6412650,2,9,2,2,2,2,2,0,0,0,0,9,9,0,0,0
8251801,2,9,2,2,2,2,2,0,0,0,0,9,9,0,0,0
1980303,2,9,1,1,1,2,2,8,7,8,0,1,9,8,12500,12500
9617018,2,9,1,1,1,2,2,0,10,0,0,1,9,10,10000,10000
8184821,2,9,2,2,2,2,2,0,0,0,0,9,9,0,0,0
4814261,2,9,1,1,1,2,2,1,8,5,0,1,9,6,25000,25000
6332002,2,9,1,1,1,2,2,0,6,4,0,1,9,6,10000,10000
8783948,2,9,1,1,1,2,2,1,5,3,0,1,9,8,25000,25000
3190556,2,9,1,1,1,2,2,2,11,8,0,1,9,7,25000,25000
9662622,1,9,1,1,1,2,2,3,10,3,2,1,9,10,50000,50000
2663348,2,9,1,1,1,2,2,1,21,3,0,1,9,8,12500,12500
6321699,0,9,1,2,2,1,1,0,8,2,2,1,3,11,75000,75000
2411203,2,9,1,1,1,2,2,1,19,5,0,1,9,10,27200,27200
5042428,2,9,1,1,1,2,2,1,8,2,0,1,9,7,25000,25000
7428093,2,9,1,1,1,2,2,1,10,16,1,1,9,4,25000,25000
9436833,2,9,2,2,2,2,2,0,0,0,0,9,9,0,0,0
6574482,2,9,2,2,2,2,2,0,0,0,0,9,9,0,0,0
4340921,2,9,1,1,1,2,2,1,5,4,1,1,9,12,10000,10000
3549117,2,9,1,1,1,2,2,1,8,6,0,2,9,0,0,0
3137247,2,9,1,1,1,2,2,1,10,2,0,1,9,5,25000,25000
9789165,2,9,1,1,1,2,2,1,6,8,1,1,9,8,10000,10000
5500422,2,9,1,1,1,2,2,1,6,4,1,1,9,8,12500,12500
2216108,2,9,1,1,1,1,1,5,10,10,1,1,9,12,51000,51000
1713450,2,9,1,1,1,2,2,1,11,5,0,1,9,5,10000,10000
9372053,0,9,2,2,2,1,1,1,4,4,1,1,1,10,50000,50000
4345612,2,9,1,1,1,2,2,1,1,6,0,1,9,8,25639,25639
2545695,2,9,1,1,1,2,2,1,11,0,0,1,9,6,25200,25200
1872654,2,9,1,1,1,2,2,1,5,3,0,1,9,8,50000,50000
7577986,0,9,1,2,2,1,1,0,10,1,1,1,3,8,75000,75000
8011657,2,9,1,1,1,1,1,0,5,3,0,1,9,8,10600,10600
8758559,2,9,2,1,1,2,2,0,9,3,0,1,9,8,5000,5000
6485376,2,9,1,1,1,2,2,1,8,2,0,1,9,8,25000,25000
8905944,2,9,2,1,1,2,2,1,8,6,0,1,9,8,25600,25600
5444373,2,9,1,1,1,2,2,1,8,4,1,1,9,7,10000,10000
4823005,2,9,1,1,1,2,2,6,3,3,0,1,9,3,25000,25000
1531258,2,9,1,1,1,2,2,1,4,3,0,1,9,9,10000,10000
3204460,2,9,1,1,1,2,2,1,15,9,1,1,9,8,10000,10000
5823422,2,9,1,1,1,1,1,1,8,8,2,1,9,8,35200,35200
1009622,2,9,1,1,1,2,2,1,15,6,1,1,9,10,25000,25000
9278260,2,9,1,1,1,1,1,0,11,3,0,1,9,10,25000,25000
8726453,2,9,1,1,1,1,1,1,15,5,0,1,9,12,25000,25000
9308654,2,9,1,1,1,1,1,1,8,5,1,1,9,10,26000,26000
4729136,2,9,2,1,1,1,1,1,8,7,2,1,9,8,25000,25000
4569046,2,9,1,1,1,2,2,1,10,3,0,1,9,4,10500,10500
4776944,2,9,1,1,1,1,1,1,10,2,1,1,9,10,50000,50000
8622520,2,9,1,1,1,2,2,1,18,8,1,1,9,7,10000,10000
4794151,2,9,1,1,1,2,2,3,8,3,0,1,9,8,10000,10000
1845580,2,9,1,1,1,2,2,1,19,9,1,1,9,8,10000,10000
6481875,1,9,1,1,1,1,1,1,12,8,1,1,9,8,75000,75000
1123826,2,9,1,1,1,2,2,1,10,4,0,1,9,4,10000,10000
1887993,2,9,1,1,1,2,2,1,5,1,0,1,9,6,10000,10000
5987292,2,9,1,1,1,1,1,1,10,10,2,1,9,10,50000,50000
5694534,2,9,1,1,1,2,2,1,10,10,2,1,9,10,26200,26200
3005756,2,9,1,1,1,2,2,1,11,1,0,2,9,0,0,0
9368464,2,9,1,1,1,2,2,1,16,6,2,1,9,8,25000,25000
3479034,0,9,1,2,2,1,1,5,15,5,2,1,3,10,50000,50000
7755372,2,9,1,1,1,2,2,1,8,1,0,1,9,10,25300,25300
4150816,2,9,1,1,1,2,2,1,18,8,1,1,9,8,25000,25000
4086926,2,9,1,1,1,2,2,0,10,10,0,1,9,10,12250,12250
7562032,2,9,1,1,1,2,2,1,12,1,0,1,9,8,25000,25000
8128109,2,9,1,1,1,1,1,1,7,4,1,1,9,8,25000,25000
7865332,2,9,1,1,1,2,2,1,7,2,0,1,9,7,50000,50000
4033967,2,9,1,1,1,1,1,1,11,3,0,1,9,7,26000,26000
7190243,2,9,1,1,1,2,2,0,8,2,0,1,9,7,25000,25000
4749514,2,9,1,1,1,1,1,1,11,4,0,1,9,8,50000,50000
9693836,0,9,1,2,2,1,1,0,15,0,1,1,3,7,25000,25000
2696681,2,9,1,1,1,2,2,1,18,2,0,1,9,7,10000,10000
2855043,2,9,2,2,2,2,2,0,0,0,0,9,9,0,0,0
8248876,2,9,1,1,1,2,2,1,11,0,1,1,9,5,10000,10000
9044495,2,9,1,1,1,2,2,1,10,3,1,1,9,3,25000,25000
1536380,2,9,1,1,1,2,2,1,5,6,0,1,9,5,28000,28000
1297501,0,9,1,2,2,1,1,0,8,0,2,1,3,8,50000,50000
3638121,2,9,1,1,1,2,2,1,22,5,1,1,9,8,25000,25000
6159940,2,9,1,1,1,2,2,1,10,1,0,1,9,6,12000,12000
3893742,2,9,1,1,1,2,2,0,9,3,0,1,9,9,10000,10000
1428615,2,9,1,1,1,2,2,1,5,3,0,1,9,4,10000,10000
5812629,2,9,1,1,1,2,2,1,10,5,0,1,9,11,24500,24500
5708669,2,9,1,1,1,2,2,1,10,6,0,1,9,9,10000,10000
4483302,2,9,1,1,1,2,2,0,9,6,1,1,9,8,10000,10000
8175778,2,9,1,1,1,2,2,2,7,9,1,1,9,8,50000,50000
5336754,0,9,1,2,2,1,1,1,10,2,2,1,3,11,50700,50700
2647175,2,9,1,1,1,2,2,5,15,4,1,1,9,8,25000,25000
5627688,2,9,1,1,1,2,2,1,6,4,1,1,9,10,10000,10000
1161493,2,9,1,1,1,2,2,1,7,2,0,1,9,8,10000,10000
5159965,2,9,1,1,1,2,2,1,10,10,1,1,9,10,25000,25000
3464329,2,9,1,1,1,2,2,1,8,1,0,1,9,10,50700,50700
5075595,0,9,2,2,2,1,1,1,10,5,5,1,3,8,25000,25000
1406222,2,9,2,1,1,1,1,5,10,10,5,1,9,5,0,0
9744079,2,9,1,1,1,2,2,1,5,1,0,1,9,10,10300,10300
9416552,2,9,1,1,1,2,2,0,7,3,0,1,9,6,10000,10000
4073753,2,9,1,1,1,2,2,1,6,6,1,1,9,11,12500,12500
3451277,2,9,1,1,1,2,2,1,12,5,1,1,9,8,50000,50000
2861114,2,9,1,1,1,2,2,0,10,3,0,1,9,8,27000,27000
2779628,2,9,1,1,1,2,2,1,8,4,1,1,9,6,10000,10000
1305010,2,9,2,1,1,2,2,1,13,3,0,1,9,10,27000,27000
2205410,1,9,1,1,1,2,2,2,10,10,1,1,9,8,12500,12500
1386478,2,9,1,1,1,1,1,1,12,2,0,1,9,10,50000,50000
7671386,2,9,1,1,1,2,2,1,10,13,0,1,9,6,25000,25000
6847019,2,9,1,1,1,2,2,1,12,1,0,1,9,5,5000,5000
4116434,1,9,2,1,1,2,2,0,6,6,0,1,9,0,51000,51000
9301577,2,9,1,1,1,2,2,1,7,3,0,1,9,6,10000,10000
6449855,2,9,1,1,1,2,2,0,5,1,0,1,9,6,10000,10000
9862287,2,9,1,1,1,2,2,1,12,3,1,1,9,5,25000,25000
9941289,2,9,1,1,1,2,2,1,12,3,1,1,9,8,25000,25000
3380209,2,9,1,1,1,2,2,1,11,4,0,1,9,12,25300,25300
3269327,2,9,1,1,1,2,2,1,12,3,2,1,9,5,12000,12000
2568650,2,9,1,1,1,1,1,1,6,4,1,1,9,12,50000,50000
9825338,2,9,1,1,1,2,2,1,5,4,1,1,9,12,10000,10000
1118100,1,9,1,1,1,2,2,1,2,3,1,1,9,11,10500,10500
5403719,2,9,1,1,1,1,1,0,1,2,2,1,9,7,13000,13000
1436101,2,9,2,1,1,2,2,1,8,4,0,1,9,10,25000,25000
3824641,2,9,2,2,2,2,2,0,0,0,0,9,9,0,0,0
2051356,2,9,2,1,1,2,2,1,12,8,0,1,9,8,12500,12500
8741264,2,9,1,1,1,2,2,1,8,3,1,1,9,10,11000,11000
1868745,2,9,1,1,1,2,2,1,18,4,0,1,9,7,10000,10000
6040281,2,9,1,1,1,2,2,1,10,3,0,1,9,4,10000,10000
2061095,2,9,1,1,1,2,2,1,13,4,0,1,9,11,27250,27250
5025347,0,9,1,2,2,1,1,0,21,2,1,1,3,7,50000,50000
5506959,2,9,1,1,1,2,2,0,14,3,0,1,9,8,25000,25000
9530504,2,9,1,1,1,2,2,1,15,4,0,1,9,8,15000,15000
5368659,2,9,1,1,1,2,2,1,14,5,0,1,9,10,14500,14500
1934540,2,9,2,1,1,2,2,3,8,3,0,1,9,0,0,0
5239648,2,9,1,1,1,2,2,1,10,10,2,1,9,6,10200,10200
5096280,2,9,1,1,1,2,2,1,10,6,0,1,9,6,10000,10000
8724239,2,9,1,1,1,2,2,1,5,5,4,2,9,0,0,0
5910649,2,9,1,1,1,2,2,1,11,6,0,1,9,5,10000,10000
1429385,2,9,1,1,1,2,2,1,15,10,0,1,9,7,10000,10000
8556432,0,9,1,2,2,1,1,1,8,1,1,1,3,10,75000,75000
8841026,0,9,2,2,2,1,1,0,6,1,2,2,2,0,0,0
8742397,2,9,2,2,2,2,2,0,0,0,0,9,9,0,0,0
6051199,2,9,2,2,2,2,2,0,0,0,0,9,9,0,0,0
8615535,2,9,2,2,2,2,2,0,0,0,0,9,9,0,0,0
2017166,2,9,2,2,2,2,2,0,0,0,0,9,9,0,0,0
1085196,2,9,1,1,1,1,1,2,12,5,1,1,9,9,51500,51500
9347028,2,9,1,1,1,2,2,5,16,6,1,1,9,7,25000,25000
4503475,2,9,1,1,1,2,2,1,6,3,0,1,9,10,15000,15000
4540866,2,9,1,1,1,1,1,1,5,3,1,1,9,6,63000,63000
9587994,2,9,1,1,1,2,2,1,12,10,1,1,9,10,25000,25000
2484547,2,9,1,1,1,1,1,1,1,2,0,1,9,7,50000,50000
6261648,2,9,1,1,1,2,2,0,10,0,0,1,9,10,25000,25000
7889933,2,9,1,1,1,2,2,1,10,4,0,1,9,6,10000,10000
7804788,2,9,1,1,1,2,2,1,10,3,0,1,9,7,26000,26000
1310104,2,9,1,1,1,2,2,3,10,2,0,1,9,10,10000,10000
6731225,2,9,1,1,1,1,1,0,10,2,0,1,9,8,52000,52000
3514103,2,9,1,1,1,2,2,1,10,10,1,1,9,10,25000,25000
9232139,2,9,1,1,1,2,2,0,6,6,1,1,9,5,25000,25000
6033035,1,9,1,1,1,1,1,1,14,4,1,1,9,9,25000,25000
2247989,2,9,1,1,1,2,2,1,7,8,2,1,9,8,10000,10000
2274311,2,9,1,1,1,2,2,1,10,3,0,1,9,6,10000,10000
5707733,2,9,1,1,1,2,2,1,7,1,0,1,9,6,10000,10000
9685419,2,9,1,1,1,2,2,2,10,10,2,1,9,10,25000,25000
1686012,2,9,1,1,1,2,2,1,10,10,2,1,9,10,25000,25000
3254180,2,9,1,1,1,2,2,1,11,23,1,1,9,4,25000,25000
4973178,2,9,1,1,1,2,2,1,10,10,1,1,9,10,25000,25000
7210498,2,9,1,1,1,2,2,1,13,15,0,1,9,8,25000,25000
2070201,2,9,1,1,1,2,2,1,15,9,1,1,9,12,10000,10000
8098398,2,9,1,1,1,2,2,0,11,1,0,1,9,9,25000,25000
2965282,2,9,1,1,1,2,2,1,12,8,1,1,9,10,11000,11000
3261263,2,9,1,1,1,2,2,1,5,6,0,1,9,5,28000,28000
9247870,2,9,1,1,1,2,2,1,11,5,0,1,9,6,25000,25000
7319298,0,9,1,2,2,1,1,1,8,2,2,1,3,7,75000,75000
6805964,2,9,2,1,1,2,2,1,9,4,0,1,9,7,10600,10600
1654525,1,9,1,1,1,2,2,1,4,14,1,1,9,11,25000,25000
6889095,2,9,1,1,1,1,1,2,13,4,1,1,9,7,25000,25000
5972311,2,9,1,1,1,2,2,6,17,1,0,1,9,8,10000,10000
8019306,2,9,1,1,1,2,2,1,10,2,0,1,9,6,25000,25000
4991161,2,9,2,1,1,2,2,1,7,3,0,1,9,7,10000,10000
7209148,2,9,1,1,1,2,2,1,10,10,2,1,9,10,10000,10000
2510933,2,9,2,2,2,2,2,0,0,0,0,9,9,0,0,0
5558266,2,9,1,1,1,2,2,1,12,1,2,1,9,9,75000,75000
8886963,0,9,1,2,2,1,1,1,12,1,2,1,3,10,75000,75000
3034174,2,9,2,2,2,2,2,0,0,0,0,9,9,0,0,0
9614787,0,9,1,2,2,1,1,1,8,4,4,1,1,10,75000,75000
1974505,2,9,1,1,1,2,2,1,5,10,0,1,9,12,12000,12000
9697141,2,9,1,1,1,2,2,0,9,1,0,1,9,6,27000,27000
9622934,2,9,1,1,1,2,2,1,12,8,1,1,9,10,25000,25000
1138210,2,9,1,1,1,2,2,1,7,5,1,1,9,5,26000,26000
6793199,0,9,1,2,2,1,1,1,11,0,1,1,3,0,37500,37500
4055189,2,9,1,1,1,2,2,1,2,2,0,1,9,10,10000,10000
7415818,2,9,1,1,1,1,1,1,12,6,0,1,9,8,50000,50000
8645754,2,9,1,1,1,2,2,1,8,2,0,1,9,5,10000,10000
6996830,2,9,1,1,1,2,2,1,11,5,0,1,9,10,27000,27000
2657951,2,9,1,1,1,2,2,0,9,3,0,1,9,7,25000,25000
4186444,2,9,1,1,1,2,2,1,10,3,0,1,9,10,14500,14500
4141194,2,9,1,1,1,1,1,1,13,10,1,1,9,8,50000,50000
4441695,2,9,1,1,1,2,2,1,12,12,1,1,9,10,11000,11000
8108966,2,9,1,1,1,2,2,1,16,4,0,1,9,10,10000,10000
3202720,2,9,1,1,1,2,2,1,10,10,1,1,9,7,25300,25300
5766663,2,9,1,1,1,2,2,1,7,1,0,1,9,5,10000,10000
1463626,2,9,2,1,1,2,2,1,10,1,0,1,9,6,10000,10000
4546150,2,9,1,1,1,1,1,2,11,8,0,1,9,8,50000,50000
1809547,2,9,1,1,1,2,2,1,10,2,0,1,9,4,10000,10000
5368802,2,9,2,1,1,2,2,1,11,3,0,1,9,7,25563,25563
7374441,2,9,2,2,2,2,2,0,0,0,0,9,9,0,0,0
2058491,2,9,2,2,2,2,2,0,0,0,0,9,9,0,0,0
3135112,2,9,2,2,2,2,2,0,0,0,0,9,9,0,0,0
2387135,2,9,1,1,1,1,1,1,12,3,1,1,9,8,50000,50000
5620984,2,9,2,1,1,2,2,1,10,10,2,1,9,10,12700,12700
7707518,2,9,1,1,1,2,2,1,12,2,0,1,9,5,10000,10000
6013172,2,9,1,1,1,2,2,1,10,10,2,1,9,9,27000,27000
7641626,2,9,1,1,1,1,1,1,10,10,2,1,9,10,26335,26335
2683106,2,9,1,1,1,2,2,1,7,1,0,1,9,6,25000,25000
7732328,2,9,1,1,1,2,2,5,9,2,0,1,9,10,10000,10000
3394759,1,9,1,1,1,2,2,1,11,10,2,1,9,11,26000,26000
8210130,0,9,2,2,2,1,1,1,10,10,2,1,3,10,25000,25000
1281958,2,9,1,1,1,2,2,1,15,6,2,1,9,10,50000,50000
3067709,2,9,1,1,1,2,2,1,12,12,0,1,9,10,26000,26000
2104729,0,9,1,2,2,1,1,1,17,10,3,1,3,12,75000,75000
9939754,2,9,2,2,2,2,2,0,0,0,0,9,9,0,0,0
4213448,2,9,1,1,1,2,2,0,2,1,0,1,9,8,10000,10000
6154732,2,9,1,1,1,2,2,1,10,1,0,1,9,5,10000,10000
9711022,2,9,1,1,1,2,2,1,10,2,0,1,9,7,25000,25000
7425964,0,9,1,2,2,1,1,1,11,5,3,1,3,12,43500,43500
6194000,0,9,1,2,2,1,1,4,12,12,1,1,3,10,51000,51000
8823052,2,9,1,1,1,1,1,5,12,6,2,1,9,11,0,0
2873999,2,9,2,2,2,2,2,0,0,0,0,9,9,0,0,0
3837433,0,9,1,2,2,1,1,1,10,10,2,1,3,0,77000,77000
5500412,2,9,2,2,2,2,2,0,0,0,0,9,9,0,0,0
7825449,2,9,1,1,1,2,2,1,12,5,0,1,9,12,10000,10000
9084762,2,9,1,1,1,2,2,11,11,15,1,1,9,8,12500,12500
9062446,2,9,1,1,1,2,2,1,12,4,0,1,9,5,10000,10000
2516163,2,9,1,1,1,2,2,1,10,3,0,1,9,9,10000,10000
5750962,2,9,2,2,2,2,2,0,0,0,0,9,9,0,0,0
5356136,2,9,1,1,1,2,2,2,16,5,2,1,9,8,25000,25000
5575784,2,9,1,1,1,1,1,1,10,0,0,1,9,10,26000,26000
6587914,2,9,1,1,1,2,2,2,10,10,1,1,9,10,25000,25000
3588406,2,9,1,1,1,2,2,1,9,14,0,1,9,6,10000,10000
2935659,2,9,1,1,1,2,2,1,5,1,0,1,9,7,12000,12000
1858191,2,9,1,1,1,1,1,1,11,3,1,1,9,0,25000,25000
1645218,2,9,1,1,1,2,2,1,12,4,0,1,9,7,25000,25000
5917527,2,9,2,2,2,2,2,0,0,0,0,9,9,0,0,0
4410432,2,9,1,1,1,1,1,1,10,5,1,1,9,6,50000,50000
1679866,2,9,1,1,1,2,2,1,10,6,2,1,9,10,12000,12000
6950325,2,9,1,1,1,2,2,0,2,2,1,1,9,5,25000,25000
6911283,0,9,1,2,2,1,1,1,5,5,2,1,1,10,75000,75000
4608327,2,9,1,1,1,2,2,0,5,5,1,1,9,4,10000,10000
2912833,1,9,1,1,1,2,2,0,11,4,0,1,9,8,10000,10000
4435209,2,9,1,1,1,1,1,0,15,5,0,1,9,7,50000,50000
7366254,2,9,1,1,1,2,2,1,12,2,0,1,9,7,10000,10000
8148833,2,9,1,1,1,2,2,2,10,10,1,1,9,8,10300,10300
2366615,2,9,1,1,1,2,2,1,12,6,3,2,9,0,0,0
6748404,2,9,2,2,2,2,2,0,0,0,0,9,9,0,0,0
2690188,2,9,1,1,1,2,2,1,15,4,0,1,9,8,50000,50000
6661334,0,9,1,2,2,1,1,0,11,2,2,1,3,8,50000,50000
5770579,2,9,1,1,1,1,1,1,6,4,0,1,9,10,25000,25000
9113535,2,9,1,1,1,1,1,1,8,5,0,1,9,4,25000,25000
8359478,2,9,1,1,1,2,2,1,10,5,1,1,9,8,5000,5000
4531702,0,9,1,2,2,1,1,0,8,2,0,1,3,5,26500,26500
1018069,2,9,1,1,1,2,2,1,15,3,0,1,9,8,12500,12500
6882168,0,9,1,2,2,1,1,0,20,2,1,1,3,7,50000,50000
1945395,2,9,1,1,1,1,1,1,18,2,1,1,9,7,25000,25000
9859735,2,9,1,1,1,1,1,1,12,3,0,2,9,0,0,0
2994464,2,9,1,1,1,1,1,1,10,2,0,1,9,10,25000,25000
7930523,2,9,1,1,1,2,2,1,10,5,0,1,9,10,50000,50000
7191894,0,9,1,2,2,1,1,1,10,1,1,1,3,10,51300,51300
2042711,2,9,1,1,1,2,2,1,12,1,0,1,9,10,11000,11000
9124592,2,9,1,1,1,2,2,1,6,4,0,1,9,7,25000,25000
2013199,0,9,1,2,2,1,1,4,8,3,2,1,3,7,50000,50000
6864715,2,9,1,1,1,1,1,1,6,5,2,1,9,12,50000,50000
5843259,2,9,1,1,1,1,1,0,12,5,0,1,9,10,50000,50000
6331427,2,9,1,1,1,2,2,1,7,3,1,1,9,2,50000,50000
9879186,2,9,1,1,1,2,2,14,10,14,0,1,9,11,39500,39500
5460872,2,9,1,1,1,2,2,3,11,3,0,1,9,7,10000,10000
4354241,0,9,1,2,2,1,1,3,8,3,2,1,3,10,50000,50000
4620615,2,9,1,1,1,2,2,0,6,1,0,1,9,5,10000,10000
2327967,2,9,1,1,1,2,2,1,14,4,0,1,9,8,25000,25000
1418291,2,9,1,1,1,2,2,1,12,18,1,1,9,7,25000,25000
2670157,1,9,1,1,1,2,2,1,15,4,1,1,9,11,25000,25000
7228769,2,9,1,1,1,1,1,0,0,0,0,1,9,12,50000,50000
1822262,2,9,1,1,1,2,2,13,11,5,0,1,9,10,50000,50000
2329434,0,9,1,2,2,1,1,2,12,3,2,1,3,10,75000,75000
7051352,2,9,1,1,1,2,2,13,8,5,0,1,9,11,39500,39500
1839701,2,9,2,2,2,2,2,0,0,0,0,9,9,0,0,0
3938648,2,9,1,1,1,2,2,1,22,9,0,1,9,7,25000,25000
4015683,2,9,1,1,1,2,2,1,11,6,0,1,9,7,25000,25000
5851302,2,9,1,1,1,2,2,1,8,5,2,1,9,9,26000,26000
8615783,0,9,1,2,2,1,1,1,1,10,5,1,3,10,50000,50000
1704339,2,9,1,1,1,2,2,1,10,5,0,1,9,10,25000,25000
6592356,2,9,1,1,1,2,2,1,8,6,0,1,9,5,25000,25000
1206657,2,9,1,1,1,2,2,1,10,8,0,1,9,9,26000,26000
1241759,2,9,1,1,1,2,2,1,10,6,0,1,9,10,25000,25000
9184143,2,9,1,1,1,2,2,1,11,4,0,1,9,2,26000,26000
5369992,2,9,1,1,1,2,2,5,8,2,1,1,9,11,26500,26500
3393004,0,9,1,2,2,1,1,1,8,5,3,1,1,8,75000,75000
9456551,1,9,1,1,1,2,2,20,10,10,0,1,9,10,0,0
7088463,2,9,1,1,1,2,2,1,10,3,0,1,9,9,0,0
3050701,1,9,1,1,1,2,2,0,10,10,1,1,9,10,11000,11000
5223613,2,9,1,1,1,2,2,0,10,5,0,1,9,0,10000,10000
2494696,2,9,1,1,1,2,2,1,10,5,4,1,9,3,50000,50000
7629315,0,9,1,2,2,1,1,0,8,3,1,1,3,5,0,0
2958858,2,9,1,1,1,2,2,1,12,3,1,1,9,7,25000,25000
2215236,0,9,1,2,2,2,2,1,3,2,1,1,3,2,12500,12500
1691317,1,9,1,1,1,2,2,12,9,3,0,1,9,11,25000,0
8195420,2,9,1,1,1,2,2,1,22,11,0,1,9,7,25000,25000
1068545,2,9,1,1,1,2,2,1,22,13,0,1,9,7,25000,25000
6626685,2,9,1,1,1,2,2,1,8,4,0,1,9,8,52500,52500
2466377,0,9,2,2,2,1,1,1,4,10,3,1,3,6,50000,50000
8684542,2,9,2,2,2,2,2,0,0,0,0,9,9,0,0,0
8348717,2,9,1,1,1,2,2,1,22,9,0,1,9,7,25000,25000
8036084,1,9,1,1,1,1,1,1,10,7,0,1,9,10,50000,50000
9501234,1,9,1,1,1,2,2,1,0,7,3,1,9,8,25000,25000
4377086,0,9,1,2,2,1,1,1,10,5,5,1,1,10,75000,75000
4256201,2,9,1,1,1,2,2,1,10,10,0,1,9,5,25000,25000
6369647,2,9,1,1,1,2,2,1,7,4,1,1,9,9,10000,10000
4875654,2,9,1,1,1,2,2,1,10,6,0,1,9,5,39500,39500
5399441,2,9,1,1,1,2,2,1,11,3,0,1,9,9,25000,25000
7521177,1,9,1,1,1,1,1,0,8,6,0,1,9,11,25000,25000
7823312,0,9,1,2,2,1,1,10,8,5,0,1,3,11,52170,52170
5257955,2,9,2,1,1,2,2,1,5,2,0,1,9,11,25000,25000
5055265,2,9,1,1,1,2,2,1,10,6,0,1,9,7,25000,25000
4037220,0,9,1,2,2,1,1,0,11,0,2,1,3,11,94500,0
6457897,2,9,2,1,1,2,2,1,12,4,1,1,9,10,50000,50000
6548663,2,9,1,1,1,2,2,1,5,13,1,1,9,7,10000,10000
5448440,2,9,1,1,1,2,2,1,9,6,5,1,9,6,25000,25000
9640501,2,9,1,1,1,2,2,12,9,3,0,1,9,11,39500,39500
5365169,2,9,1,1,1,2,2,1,1,6,0,1,9,10,25000,25000
7320477,2,9,2,1,1,2,2,0,11,7,0,1,9,7,25000,25000
1378581,2,9,1,1,1,1,1,3,4,4,0,1,9,11,25000,0
9551648,1,9,1,1,1,1,1,12,9,3,0,1,9,11,50000,50000
7105176,2,9,1,1,1,2,2,1,5,10,0,1,9,8,50000,50000
9613325,0,9,2,2,2,1,1,2,2,2,2,1,1,10,52000,52000
4206721,0,9,1,2,2,1,1,1,20,2,0,1,3,8,25000,25000
7817521,2,9,1,1,1,2,2,1,7,5,1,1,9,10,11000,11000
9397924,2,9,1,1,1,2,2,0,11,5,0,1,9,7,25000,25000
9674279,0,9,1,2,2,1,1,0,0,40,3,1,3,11,75000,75000
6452310,2,9,1,1,1,1,1,1,10,11,0,1,9,8,50000,50000
7017714,2,9,1,1,1,2,2,1,22,9,0,1,9,7,25000,25000
6398693,2,9,1,1,1,2,2,1,15,3,0,1,9,7,50000,50000
6525852,0,9,2,2,2,1,1,1,10,5,3,1,3,10,75000,7500
3935166,2,9,1,1,1,1,1,3,1,1,0,1,9,4,25000,25000
6012329,2,9,1,1,1,1,1,1,10,3,1,1,9,9,25000,25000
7326314,2,9,1,1,1,2,2,11,2,10,5,1,9,10,39500,39500
5772967,0,9,1,2,2,1,1,1,1,1,1,1,3,0,75000,75000
5851689,0,9,2,2,2,1,1,13,9,4,3,1,3,8,75000,75000
6641511,2,9,1,1,1,2,2,1,11,2,4,1,9,11,25000,25000
1112614,2,9,1,1,1,2,2,1,2,10,1,1,9,5,39500,39500
8507593,2,9,2,2,2,2,2,0,0,0,0,9,9,0,0,0
2668013,2,9,2,2,2,2,2,0,0,0,0,9,9,0,0,0
8677756,2,9,1,1,1,2,2,1,0,1,1,1,9,9,26000,26000
4557686,2,9,1,1,1,2,2,1,1,13,0,1,9,1,10000,10000
3599505,2,9,2,1,1,1,1,1,24,14,0,1,9,9,25000,25000
7605588,2,9,1,1,2,2,2,1,21,5,1,1,9,11,39500,39500
5901709,2,9,1,1,1,2,2,1,17,5,2,1,9,10,50000,50000
8281379,2,9,2,2,2,2,2,0,0,0,0,9,9,0,0,0
6424703,2,9,1,1,1,2,2,1,22,6,1,1,9,0,25000,25000
9158867,2,9,1,1,1,2,2,1,22,4,1,1,9,0,10000,0
6987107,1,9,1,1,1,2,2,1,12,2,0,1,9,9,10000,10000
2313446,2,9,1,1,1,2,2,1,8,4,1,1,9,7,25000,25000
1434003,0,9,1,2,2,1,1,12,10,3,2,1,3,12,94500,94500
7028745,1,9,1,1,1,1,1,1,10,6,1,1,9,10,130300,130300
2428989,2,9,1,1,1,2,2,15,5,10,0,1,9,11,11000,11000
6380140,2,9,2,2,2,2,2,0,0,0,0,9,9,0,0,0
8185410,2,9,1,1,1,2,2,1,12,3,0,1,9,6,27000,27000
1493183,2,9,1,1,1,2,2,1,7,9,0,1,9,11,25000,25000
9001494,1,9,1,1,1,2,2,1,6,10,2,1,9,11,25000,25000
5668729,2,9,1,1,1,2,2,1,1,10,1,1,9,2,11000,11000
7934552,2,9,1,1,1,2,2,0,10,5,0,1,9,7,10000,10000
8116324,2,9,2,1,1,2,2,13,8,5,0,1,9,11,24500,24500
4292118,2,9,1,1,1,2,2,13,8,5,0,1,9,11,79000,79000
2061659,0,9,1,2,2,2,2,2,3,5,0,1,1,6,25000,25000
3292105,2,9,1,1,1,1,1,20,2,6,2,1,9,8,50000,50000
3056556,1,9,1,1,1,2,2,1,10,5,1,1,9,12,10000,10000
5808341,2,9,1,1,1,2,2,1,5,2,0,1,9,7,25000,25000
5678898,2,9,2,1,1,2,2,0,11,8,0,1,9,11,25000,25000
6557615,2,9,1,1,1,2,2,1,9,6,3,1,9,11,106000,106000
3419723,0,9,2,2,2,1,1,1,5,8,3,1,1,10,50000,50000
3398815,2,9,1,1,1,2,2,1,22,4,1,1,9,10,25000,25000
7176721,0,9,2,2,2,1,1,1,10,30,0,1,3,6,52170,52170
5498884,1,9,1,1,1,2,2,1,18,5,0,1,9,8,25000,25000
1685564,2,9,1,1,1,2,2,6,8,13,1,1,9,10,39500,39500
3692303,1,9,1,1,1,2,2,15,10,5,0,1,9,10,12500,12500
1643342,2,9,1,1,1,2,2,22,2,11,2,1,9,4,25000,25000
2610339,2,9,1,1,1,2,2,1,2,7,0,1,9,8,39500,39500
9966676,2,9,1,1,1,2,2,1,8,6,0,1,9,6,25000,25000
8535756,2,9,1,1,1,2,2,1,12,12,1,1,9,11,10000,10000
1508907,2,9,2,2,2,2,2,0,0,0,0,9,9,0,0,0
6161429,2,9,1,1,1,2,2,1,12,3,1,1,9,0,25000,25000
6373843,0,9,2,2,2,1,2,0,0,0,0,1,3,0,0,0
5915081,2,9,1,1,1,2,2,1,6,3,0,1,9,10,10000,10000
8412161,2,9,1,1,1,2,2,1,22,8,1,1,9,8,11000,11000
1732748,2,9,1,1,1,2,2,1,10,5,3,1,9,10,39000,39000
9226538,0,9,1,2,2,1,1,1,10,5,2,1,3,10,85000,85000
2390889,2,9,2,1,1,1,1,1,2,10,1,1,9,11,25000,25000
1133984,1,9,1,1,1,2,2,1,8,16,0,1,9,6,25000,25000
7513830,2,9,2,1,1,1,1,1,0,13,0,1,9,10,26000,26000
9674602,2,9,1,1,1,2,2,13,10,3,0,1,9,11,39500,39500
8933598,0,9,1,2,2,1,1,1,10,3,1,1,3,8,50000,50000
5571360,2,9,1,1,1,2,2,1,11,4,0,1,9,11,25000,25000
6885873,0,9,1,2,2,1,1,1,0,11,4,1,3,7,50000,50000
5719882,2,9,1,1,1,2,2,1,10,5,0,1,9,7,25000,25000
5497126,0,9,2,2,2,1,1,4,10,6,4,1,3,10,50900,50900
8087314,2,9,1,1,1,2,2,1,10,4,0,1,9,4,39500,39500
3176229,2,9,2,1,1,2,2,1,15,4,0,1,9,6,25000,25000
5324212,2,9,1,1,1,2,2,1,10,12,2,1,9,5,10000,10000
2640172,2,9,2,2,2,2,2,0,0,0,0,9,9,0,0,0
6712191,2,9,2,2,2,2,2,0,0,0,0,9,9,0,0,0
1408721,2,9,2,2,2,2,2,0,0,0,0,9,9,0,0,0
8675397,2,9,2,2,2,2,2,0,0,0,0,9,9,0,0,0
6288736,2,9,2,2,2,2,2,0,0,0,0,9,9,0,0,0
4675618,0,9,1,2,2,1,1,1,3,2,0,1,3,8,25000,25000
4356386,0,9,1,2,2,1,1,1,10,10,2,1,3,12,50000,50000
6572155,2,9,2,2,2,2,2,0,0,0,0,9,9,0,0,0
7123383,2,9,2,2,2,2,2,0,0,0,0,9,9,0,0,0
4434127,2,9,2,2,2,2,2,0,0,0,0,9,9,0,0,0
4926396,2,9,2,2,2,2,2,0,0,0,0,9,9,0,0,0
4989971,2,9,2,2,2,2,2,0,0,0,0,9,9,0,0,0
4686978,2,9,2,2,2,2,2,0,0,0,0,9,9,0,0,0
3793309,0,9,1,2,2,2,2,1,10,2,1,9,2,0,0,0
5209417,2,9,2,2,2,2,2,0,0,0,0,9,9,0,0,0
2606910,2,9,2,2,2,2,2,0,0,0,0,9,9,0,0,0
3666067,2,9,2,2,2,2,2,0,0,0,0,9,9,0,0,0
6446680,2,9,2,2,2,2,2,0,0,0,0,9,9,0,0,0
9932993,2,9,2,2,2,2,2,0,0,0,0,9,9,0,0,0
9721840,2,9,2,2,2,2,2,0,0,0,0,9,9,0,0,0
9215213,9,9,2,2,2,2,2,0,0,0,0,9,9,0,0,0
8030027,9,9,2,2,2,2,2,0,0,0,0,9,9,0,0,0
5844115,9,9,2,2,2,2,2,0,0,0,0,9,9,0,0,0
1599904,9,9,2,2,2,2,2,0,0,0,0,9,9,0,0,0
6071939,9,9,2,2,2,2,2,0,0,0,0,9,9,0,0,0
